Profile	Rawfilename	yyyy-mm-dd hh:mm	Depth [m]	Sampled volume [L]	LPM (1-1.26 µm) [# l-1]	LPM (1.26-1.59 µm) [# l-1]	LPM (1.59-2 µm) [# l-1]	LPM (2-2.52 µm) [# l-1]	LPM (2.52-3.17 µm) [# l-1]	LPM (3.17-4 µm) [# l-1]	LPM (4-5.04 µm) [# l-1]	LPM (5.04-6.35 µm) [# l-1]	LPM (6.35-8 µm) [# l-1]	LPM (8-10.1 µm) [# l-1]	LPM (10.1-12.7 µm) [# l-1]	LPM (12.7-16 µm) [# l-1]	LPM (16-20.2 µm) [# l-1]	LPM (20.2-25.4 µm) [# l-1]	LPM (25.4-32 µm) [# l-1]	LPM (32-40.3 µm) [# l-1]	LPM (40.3-50.8 µm) [# l-1]	LPM (50.8-64 µm) [# l-1]	LPM (64-80.6 µm) [# l-1]	LPM (80.6-102 µm) [# l-1]	LPM (102-128 µm) [# l-1]	LPM (128-161 µm) [# l-1]	LPM (161-203 µm) [# l-1]	LPM (203-256 µm) [# l-1]	LPM (256-323 µm) [# l-1]	LPM (323-406 µm) [# l-1]	LPM (406-512 µm) [# l-1]	LPM (512-645 µm) [# l-1]	LPM (645-813 µm) [# l-1]	LPM (0.813-1.02 mm) [# l-1]	LPM (1.02-1.29 mm) [# l-1]	LPM (1.29-1.63 mm) [# l-1]	LPM (1.63-2.05 mm) [# l-1]	LPM (2.05-2.58 mm) [# l-1]	LPM (2.58-3.25 mm) [# l-1]	LPM (3.25-4.1 mm) [# l-1]	LPM (4.1-5.16 mm) [# l-1]	LPM (5.16-6.5 mm) [# l-1]	LPM (6.5-8.19 mm) [# l-1]	LPM (8.19-10.3 mm) [# l-1]	LPM (10.3-13 mm) [# l-1]	LPM (13-16.4 mm) [# l-1]	LPM (16.4-20.6 mm) [# l-1]	LPM (20.6-26 mm) [# l-1]	LPM (>26 mm) [# l-1]	LPM biovolume (1-1.26 µm) [mm3 l-1]	LPM biovolume (1.26-1.59 µm) [mm3 l-1]	LPM biovolume (1.59-2 µm) [mm3 l-1]	LPM biovolume (2-2.52 µm) [mm3 l-1]	LPM biovolume (2.52-3.17 µm) [mm3 l-1]	LPM biovolume (3.17-4 µm) [mm3 l-1]	LPM biovolume (4-5.04 µm) [mm3 l-1]	LPM biovolume (5.04-6.35 µm) [mm3 l-1]	LPM biovolume (6.35-8 µm) [mm3 l-1]	LPM biovolume (8-10.1 µm) [mm3 l-1]	LPM biovolume (10.1-12.7 µm) [mm3 l-1]	LPM biovolume (12.7-16 µm) [mm3 l-1]	LPM biovolume (16-20.2 µm) [mm3 l-1]	LPM biovolume (20.2-25.4 µm) [mm3 l-1]	LPM biovolume (25.4-32 µm) [mm3 l-1]	LPM biovolume (32-40.3 µm) [mm3 l-1]	LPM biovolume (40.3-50.8 µm) [mm3 l-1]	LPM biovolume (50.8-64 µm) [mm3 l-1]	LPM biovolume (64-80.6 µm) [mm3 l-1]	LPM biovolume (80.6-102 µm) [mm3 l-1]	LPM biovolume (102-128 µm) [mm3 l-1]	LPM biovolume (128-161 µm) [mm3 l-1]	LPM biovolume (161-203 µm) [mm3 l-1]	LPM biovolume (203-256 µm) [mm3 l-1]	LPM biovolume (256-323 µm) [mm3 l-1]	LPM biovolume (323-406 µm) [mm3 l-1]	LPM biovolume (406-512 µm) [mm3 l-1]	LPM biovolume (512-645 µm) [mm3 l-1]	LPM biovolume (645-813 µm) [mm3 l-1]	LPM biovolume (0.813-1.02 mm) [mm3 l-1]	LPM biovolume (1.02-1.29 mm) [mm3 l-1]	LPM biovolume (1.29-1.63 mm) [mm3 l-1]	LPM biovolume (1.63-2.05 mm) [mm3 l-1]	LPM biovolume (2.05-2.58 mm) [mm3 l-1]	LPM biovolume (2.58-3.25 mm) [mm3 l-1]	LPM biovolume (3.25-4.1 mm) [mm3 l-1]	LPM biovolume (4.1-5.16 mm) [mm3 l-1]	LPM biovolume (5.16-6.5 mm) [mm3 l-1]	LPM biovolume (6.5-8.19 mm) [mm3 l-1]	LPM biovolume (8.19-10.3 mm) [mm3 l-1]	LPM biovolume (10.3-13 mm) [mm3 l-1]	LPM biovolume (13-16.4 mm) [mm3 l-1]	LPM biovolume (16.4-20.6 mm) [mm3 l-1]	LPM biovolume (20.6-26 mm) [mm3 l-1]	LPM biovolume (>26 mm) [mm3 l-1]	chloro fluo [mg chl m-3]	conductivity [ms cm-1]	cpar [%]	depth [m]	fcdom [ppb qse]	in situ density anomaly [kg m-3]	nitrate [umol l-1]	oxygen [umol kg-1]	oxygen [ml l-1]	par [umol m-2 s-1]	potential density anomaly [kg m-3]	potential temperature [degc]	practical salinity [psu]	pressure [db]	qc flag	spar [umol m-2 s-1]	temperature [degc]	extrames01	extrames02	extrames03	extrames04	extrames05	extrames06	extrames07	extrames08	extrames09	extrames10	extrames11	extrames12	extrames13	extrames14	extrames15	extrames16	extrames17	extrames18	extrames19	extrames20
gf377c4	HDR20210125074215	2021-01-25 07:42:15	2.5	37.4	0.0	0.0	0.0	0.0	0.0	0.0	0.0	0.0	0.0	0.0	0.0	0.0	0.0	0.0	0.0	0.0	0.0	0.0	1350.3475935828878	0.0	314.89304812834223	242.27272727272728	116.55080213903744	101.60427807486631	111.06951871657755	69.06417112299465	71.97860962566845	53.6096256684492	50.106951871657756	46.711229946524064	39.86631016042781	28.395721925133692	19.598930481283425	12.914438502673796	7.379679144385027	4.732620320855615	2.9946524064171123	1.3101604278074868	0.7486631016042781	0.4545454545454546	0.21390374331550802	0.08021390374331551	0.0	0.026737967914438502	0.0	0.0	0.0	0.0	0.0	0.0	0.0	0.0	0.0	0.0	0.0	0.0	0.0	0.0	0.0	0.0	0.0	0.0	0.0	0.28642574966820655	0.0	0.2070191444345998	0.38337057249061757	0.3931851864238995	0.6289283332327676	1.3956447120131221	1.749264475629587	3.609333390269348	5.420316613737723	10.067746697683404	18.65515684829714	31.600590227510718	44.34288621214263	62.007201110964395	81.07392911855177	94.12707869814602	119.56424657223492	149.48582119451711	131.36618838504404	155.53472781633846	177.81456071662944	181.47832456079325	124.73212419310634	0.0	137.30262604292963	0.0																																					
gf377c4	HDR20210125074215	2021-01-25 07:42:15	7.5	41.8	0.0	0.0	0.0	0.0	0.0	0.0	0.0	0.0	0.0	0.0	0.0	0.0	0.0	0.0	0.0	0.0	0.0	0.0	463.15789473684214	0.0	123.39712918660288	98.87559808612441	47.48803827751197	41.79425837320574	55.00000000000001	36.69856459330144	40.311004784689	30.7177033492823	21.81818181818182	13.014354066985646	8.516746411483254	5.454545454545455	2.488038277511962	1.5071770334928232	0.8133971291866029	0.5263157894736843	0.1674641148325359	0.04784688995215311	0.04784688995215311	0.04784688995215311	0.0	0.0	0.0	0.0	0.0	0.0	0.0	0.0	0.0	0.0	0.0	0.0	0.0	0.0	0.0	0.0	0.0	0.0	0.0	0.0	0.0	0.0	0.0	0.09824162892959996	0.0	0.08112458582916889	0.15743671109944676	0.16086592396643692	0.2609001851409479	0.7068569537923347	0.9308437701566054	2.0191456795654172	3.1091555538195412	4.246218446699826	5.075354654368968	6.702015322006189	8.657308914147452	7.868988594524306	9.41587743471103	10.190754547357706	13.05454698500368	9.118632392365178	6.0869614400209935	8.004514580059547	15.808733510263625	0.0	0.0	0.0	0.0	0.0																																					
gf377c4	HDR20210125074215	2021-01-25 07:42:15	12.5	236.5	0.0	0.0	0.0	0.0	0.0	0.0	0.0	0.0	0.0	0.0	0.0	0.0	0.0	0.0	0.0	0.0	0.0	0.0	134.96828752642705	0.0	41.3784355179704	29.67864693446089	9.014799154334039	5.260042283298097	3.365750528541226	1.200845665961945	0.587737843551797	0.15644820295983086	0.07610993657505286	0.004228329809725159	0.008456659619450317	0.004228329809725159	0.004228329809725159	0.004228329809725159	0.0	0.0	0.0	0.0	0.0	0.0	0.0	0.0	0.0	0.0	0.0	0.0	0.0	0.0	0.0	0.0	0.0	0.0	0.0	0.0	0.0	0.0	0.0	0.0	0.0	0.0	0.0	0.0	0.0	0.028628475453211507	0.0	0.027203294483278514	0.0471517089793306	0.030074555103586677	0.031755372440517016	0.04050305168143994	0.029791511767083452	0.0275198120691345	0.01530763188059134	0.01320228920056393	0.0021879025756743145	0.0057516977199724125	0.006367762334193127	0.014117706603319433	0.031001850838880442	0.0	0.0	0.0	0.0	0.0	0.0	0.0	0.0	0.0	0.0	0.0																																					
gf377c4	HDR20210125074215	2021-01-25 07:42:15	17.5	89.1	0.0	0.0	0.0	0.0	0.0	0.0	0.0	0.0	0.0	0.0	0.0	0.0	0.0	0.0	0.0	0.0	0.0	0.0	138.40628507295176	0.0	40.549943883277216	27.766554433221103	9.337822671156005	5.454545454545455	3.569023569023569	1.3580246913580247	0.5948372615039282	0.17957351290684626	0.13468013468013468	0.022446689113355782	0.022446689113355782	0.0	0.0	0.0	0.0	0.0	0.0	0.0	0.0	0.0	0.0	0.0	0.0	0.0	0.0	0.0	0.0	0.0	0.0	0.0	0.0	0.0	0.0	0.0	0.0	0.0	0.0	0.0	0.0	0.0	0.0	0.0	0.0	0.02935771807881429	0.0	0.02665862183837623	0.043922388831608164	0.03099083396414722	0.03315132059838141	0.04435584747268155	0.03310524148860071	0.02855837792317498	0.017208419691996504	0.025704486742105646	0.008938323723736867	0.015303480639267036	0.0	0.0	0.0	0.0	0.0	0.0	0.0	0.0	0.0	0.0	0.0	0.0	0.0	0.0																																					
gf377c4	HDR20210125074215	2021-01-25 07:42:15	22.5	117.7	0.0	0.0	0.0	0.0	0.0	0.0	0.0	0.0	0.0	0.0	0.0	0.0	0.0	0.0	0.0	0.0	0.0	0.0	147.7909940526763	0.0	42.387425658453694	30.008496176720474	9.396771452846219	5.700934579439252	3.806287170773152	1.3338997451146983	0.7561597281223449	0.27187765505522515	0.10195412064570943	0.033984706881903144	0.025488530161427356	0.0	0.0	0.0	0.0	0.0	0.0	0.0	0.0	0.0	0.0	0.0	0.0	0.0	0.0	0.0	0.0	0.0	0.0	0.0	0.0	0.0	0.0	0.0	0.0	0.0	0.0	0.0	0.0	0.0	0.0	0.0	0.0	0.03134833317503807	0.0	0.0278666316921097	0.04751832120454202	0.031185894910151602	0.03441982994770682	0.046278938483430246	0.03232989974017704	0.036012284915827	0.02413123552267705	0.0192926106702004	0.01465783181554044	0.018336460146263275	0.0	0.0	0.0	0.0	0.0	0.0	0.0	0.0	0.0	0.0	0.0	0.0	0.0	0.0																																					
gf377c4	HDR20210125074215	2021-01-25 07:42:15	27.5	190.3	0.0	0.0	0.0	0.0	0.0	0.0	0.0	0.0	0.0	0.0	0.0	0.0	0.0	0.0	0.0	0.0	0.0	0.0	154.834471886495	0.0	43.88334209143457	31.166579085654227	10.45191802417236	5.985286389910667	3.751970572779821	1.1508145034156594	0.5780346820809248	0.2679978980557015	0.08933263268523384	0.03678402522333158	0.010509721492380452	0.0	0.015764582238570676	0.0	0.0	0.0	0.0	0.0	0.0	0.0	0.0	0.0	0.0	0.0	0.0	0.0	0.0	0.0	0.0	0.0	0.0	0.0	0.0	0.0	0.0	0.0	0.0	0.0	0.0	0.0	0.0	0.0	0.0	0.032842343627169174	0.0	0.028850087319161652	0.04971336797622688	0.03487828666228739	0.036199380250592744	0.04512408515868139	0.02824779369796416	0.02785149978736859	0.026736922341452262	0.017645700152449196	0.014252506607088792	0.006605481204923481	0.0	0.05063916740848106	0.0	0.0	0.0	0.0	0.0	0.0	0.0	0.0	0.0	0.0	0.0	0.0																																					
gf377c4	HDR20210125074215	2021-01-25 07:42:15	32.5	182.6	0.0	0.0	0.0	0.0	0.0	0.0	0.0	0.0	0.0	0.0	0.0	0.0	0.0	0.0	0.0	0.0	0.0	0.0	181.2924424972618	0.0	45.18072289156627	32.371303395399785	10.711938663745894	5.7283680175246445	3.647316538882804	1.1993428258488499	0.5585980284775466	0.2683461117196057	0.13143483023001096	0.0547645125958379	0.01095290251916758	0.01095290251916758	0.00547645125958379	0.0	0.0	0.0	0.0	0.0	0.0	0.0	0.0	0.0	0.0	0.0	0.0	0.0	0.0	0.0	0.0	0.0	0.0	0.0	0.0	0.0	0.0	0.0	0.0	0.0	0.0	0.0	0.0	0.0	0.0	0.03845441277358862	0.0	0.029703020290675435	0.051444375734284314	0.035780066801951754	0.03493772197055026	0.0440699973588496	0.030008886093722174	0.027398736585094164	0.027205539951680527	0.025823804978937753	0.020402005573179702	0.007748793746327294	0.02164861839891801	0.013448627010339024	0.0	0.0	0.0	0.0	0.0	0.0	0.0	0.0	0.0	0.0	0.0	0.0																																					
gf377c4	HDR20210125074215	2021-01-25 07:42:15	37.5	190.3	0.0	0.0	0.0	0.0	0.0	0.0	0.0	0.0	0.0	0.0	0.0	0.0	0.0	0.0	0.0	0.0	0.0	0.0	187.23068838675775	0.0	45.18654755648975	32.50131371518655	10.352075669994745	6.179716237519705	3.820283762480294	1.2296374146085127	0.6358381502890174	0.23121387283236994	0.03152916447714135	0.021019442984760904	0.005254860746190226	0.010509721492380452	0.005254860746190226	0.0	0.0	0.0	0.0	0.0	0.0	0.0	0.0	0.0	0.0	0.0	0.0	0.0	0.0	0.0	0.0	0.0	0.0	0.0	0.0	0.0	0.0	0.0	0.0	0.0	0.0	0.0	0.0	0.0	0.0	0.03971398959565714	0.0	0.02970684958178315	0.05132980003936766	0.03466024009304648	0.037401312571174315	0.046574079900884	0.029857529169105824	0.031839581586772685	0.023175499523906212	0.005979622220749492	0.006845123603868071	0.003340660988624804	0.01354423497766455	0.02014847506259547	0.0	0.0	0.0	0.0	0.0	0.0	0.0	0.0	0.0	0.0	0.0	0.0																																					
gf377c4	HDR20210125074215	2021-01-25 07:42:15	42.5	92.4	0.0	0.0	0.0	0.0	0.0	0.0	0.0	0.0	0.0	0.0	0.0	0.0	0.0	0.0	0.0	0.0	0.0	0.0	201.34199134199133	0.0	44.15584415584415	32.62987012987013	9.772727272727272	5.909090909090908	3.5606060606060606	1.3419913419913418	0.6493506493506493	0.18398268398268397	0.032467532467532464	0.032467532467532464	0.010822510822510822	0.021645021645021644	0.0	0.0	0.0	0.0	0.0	0.0	0.0	0.0	0.0	0.0	0.0	0.0	0.0	0.0	0.0	0.0	0.0	0.0	0.0	0.0	0.0	0.0	0.0	0.0	0.0	0.0	0.0	0.0	0.0	0.0	0.0	0.04270717486658706	0.0	0.02902923749273977	0.0517226655921131	0.03266558301498091	0.03627208382164867	0.04391486859093262	0.0331821025233793	0.03129121091334879	0.018450110119650157	0.005248154251040858	0.014850523693100312	0.007471866271198994	0.03219659336925165	0.0	0.0	0.0	0.0	0.0	0.0	0.0	0.0	0.0	0.0	0.0	0.0	0.0																																					
gf377c4	HDR20210125074215	2021-01-25 07:42:15	47.5	69.3	0.0	0.0	0.0	0.0	0.0	0.0	0.0	0.0	0.0	0.0	0.0	0.0	0.0	0.0	0.0	0.0	0.0	0.0	191.28427128427128	0.0	43.910533910533914	31.03896103896104	10.735930735930737	5.901875901875902	3.852813852813853	1.0822510822510822	0.6637806637806638	0.14430014430014432	0.08658008658008659	0.0	0.0	0.01443001443001443	0.0	0.0	0.0	0.0	0.0	0.0	0.0	0.0	0.0	0.0	0.0	0.0	0.0	0.0	0.0	0.0	0.0	0.0	0.0	0.0	0.0	0.0	0.0	0.0	0.0	0.0	0.0	0.0	0.0	0.0	0.0	0.04057380563545318	0.0	0.028867963951113434	0.049045574968342234	0.03546115340211524	0.03526598020423966	0.04677027214576054	0.026297004881833706	0.031152196728686278	0.014572192103491212	0.018045350758031698	0.0	0.0	0.02929707112086451	0.0	0.0	0.0	0.0	0.0	0.0	0.0	0.0	0.0	0.0	0.0	0.0	0.0																																					
gf377c4	HDR20210125074215	2021-01-25 07:42:15	52.5	128.7	0.0	0.0	0.0	0.0	0.0	0.0	0.0	0.0	0.0	0.0	0.0	0.0	0.0	0.0	0.0	0.0	0.0	0.0	178.35275835275837	0.0	43.93162393162394	30.40404040404041	9.813519813519815	5.835275835275835	3.5198135198135203	1.3830613830613832	0.6682206682206683	0.19425019425019427	0.031080031080031083	0.031080031080031083	0.015540015540015542	0.023310023310023312	0.007770007770007771	0.0	0.0	0.0	0.0	0.0	0.0	0.0	0.0	0.0	0.0	0.0	0.0	0.0	0.0	0.0	0.0	0.0	0.0	0.0	0.0	0.0	0.0	0.0	0.0	0.0	0.0	0.0	0.0	0.0	0.0	0.037830868703248144	0.0	0.02888182909722611	0.04810691580173824	0.03268255548436351	0.035375437036202335	0.04277644715535826	0.03378783375254687	0.032034176330799205	0.019748282158753565	0.006277704396130949	0.011575258399413505	0.012251882658982959	0.044647972839617474	0.024041099916865625	0.0	0.0	0.0	0.0	0.0	0.0	0.0	0.0	0.0	0.0	0.0	0.0																																					
gf377c4	HDR20210125074215	2021-01-25 07:42:15	57.5	133.1	0.0	0.0	0.0	0.0	0.0	0.0	0.0	0.0	0.0	0.0	0.0	0.0	0.0	0.0	0.0	0.0	0.0	0.0	168.72276483846733	0.0	42.37415477084899	30.736288504883547	10.18031555221638	6.093163035311796	3.6438767843726523	0.9992486851990985	0.6912096168294516	0.14274981217129978	0.08264462809917356	0.015026296018031555	0.03756574004507889	0.0	0.0	0.007513148009015778	0.0	0.0	0.0	0.0	0.0	0.0	0.0	0.0	0.0	0.0	0.0	0.0	0.0	0.0	0.0	0.0	0.0	0.0	0.0	0.0	0.0	0.0	0.0	0.0	0.0	0.0	0.0	0.0	0.0	0.03578822566471595	0.0	0.02785790705428697	0.04860492434981116	0.03390423832386101	0.03710314201720881	0.04418326922637876	0.024745553577011744	0.03256897110434408	0.013805878466158475	0.015920338381434262	0.006343432095098275	0.02620395381781504	0.0	0.0	0.0432780408577459	0.0	0.0	0.0	0.0	0.0	0.0	0.0	0.0	0.0	0.0	0.0																																					
gf377c4	HDR20210125074215	2021-01-25 07:42:15	62.5	177.1	0.0	0.0	0.0	0.0	0.0	0.0	0.0	0.0	0.0	0.0	0.0	0.0	0.0	0.0	0.0	0.0	0.0	0.0	152.5974025974026	0.0	41.05590062111801	30.118577075098816	9.616036137775268	5.522303783173348	3.591191417278374	1.0333145115753812	0.5928853754940712	0.25974025974025977	0.09034443817052513	0.01693958215697346	0.039525691699604744	0.0	0.0	0.0	0.0	0.0	0.0	0.0	0.0	0.0	0.0	0.0	0.0	0.0	0.0	0.0	0.0	0.0	0.0	0.0	0.0	0.0	0.0	0.0	0.0	0.0	0.0	0.0	0.0	0.0	0.0	0.0	0.0	0.032367833026170585	0.0	0.02699125138231596	0.047588802117752134	0.031903780784286205	0.03365096250854602	0.04362634105031613	0.025122459828145514	0.028492706331458166	0.025151930616307473	0.01879844623726749	0.006943179849283055	0.030243301368185836	0.0	0.0	0.0	0.0	0.0	0.0	0.0	0.0	0.0	0.0	0.0	0.0	0.0	0.0																																					
gf377c4	HDR20210125074215	2021-01-25 07:42:15	67.5	119.9	0.0	0.0	0.0	0.0	0.0	0.0	0.0	0.0	0.0	0.0	0.0	0.0	0.0	0.0	0.0	0.0	0.0	0.0	153.66138448707255	0.0	42.01000834028357	29.791492910758965	9.774812343619683	5.91326105087573	3.427856547122602	1.2343619683069225	0.5838198498748958	0.15846538782318598	0.08340283569641367	0.0500417014178482	0.0250208507089241	0.008340283569641367	0.0	0.0	0.0	0.0	0.0	0.0	0.0	0.0	0.0	0.0	0.0	0.0	0.0	0.0	0.0	0.0	0.0	0.0	0.0	0.0	0.0	0.0	0.0	0.0	0.0	0.0	0.0	0.0	0.0	0.0	0.0	0.032593516999564066	0.0	0.027618507413829232	0.047173385036346806	0.03251628822138752	0.03586278446212368	0.04001931859367195	0.030034165777304146	0.028613970827956848	0.015631616116833228	0.018455410967374113	0.018389707047706656	0.018512614261742243	0.010069971779143929	0.0	0.0	0.0	0.0	0.0	0.0	0.0	0.0	0.0	0.0	0.0	0.0	0.0																																					
gf377c4	HDR20210125074215	2021-01-25 07:42:15	72.5	182.6	0.0	0.0	0.0	0.0	0.0	0.0	0.0	0.0	0.0	0.0	0.0	0.0	0.0	0.0	0.0	0.0	0.0	0.0	136.4184008762322	0.0	42.03723986856517	29.397590361445783	9.813800657174152	5.733844468784228	3.488499452354874	1.0624315443592551	0.5640744797371303	0.13143483023001096	0.06571741511500548	0.02738225629791895	0.00547645125958379	0.00547645125958379	0.0	0.0	0.0	0.0	0.0	0.0	0.0	0.0	0.0	0.0	0.0	0.0	0.0	0.0	0.0	0.0	0.0	0.0	0.0	0.0	0.0	0.0	0.0	0.0	0.0	0.0	0.0	0.0	0.0	0.0	0.0	0.028936062777612747	0.0	0.02763641015166359	0.046476276908062934	0.03274522537954297	0.034838611032818	0.041933829725060004	0.025687166422632843	0.02752253894983863	0.013871891588871471	0.011978820183860565	0.011822715820092242	0.003232571336175078	0.01033792773416609	0.0	0.0	0.0	0.0	0.0	0.0	0.0	0.0	0.0	0.0	0.0	0.0	0.0																																					
gf377c4	HDR20210125074215	2021-01-25 07:42:15	77.5	129.8	0.0	0.0	0.0	0.0	0.0	0.0	0.0	0.0	0.0	0.0	0.0	0.0	0.0	0.0	0.0	0.0	0.0	0.0	141.0708782742681	0.0	42.20338983050847	30.238828967642526	8.975346687211093	5.315870570107858	3.412942989214175	0.9322033898305084	0.5007704160246532	0.1386748844375963	0.03081664098613251	0.03081664098613251	0.015408320493066254	0.0	0.0	0.0	0.0	0.0	0.0	0.0	0.0	0.0	0.0	0.0	0.0	0.0	0.0	0.0	0.0	0.0	0.0	0.0	0.0	0.0	0.0	0.0	0.0	0.0	0.0	0.0	0.0	0.0	0.0	0.0	0.0	0.02992291189178123	0.0	0.027745641597622106	0.04798760254874514	0.029846746441891708	0.03262369172296216	0.0414925562247112	0.02231478734023186	0.023882101123429124	0.013084186629289216	0.00600309434770343	0.010838037382445527	0.011039813394527148	0.0	0.0	0.0	0.0	0.0	0.0	0.0	0.0	0.0	0.0	0.0	0.0	0.0	0.0																																					
gf377c4	HDR20210125074215	2021-01-25 07:42:15	82.5	152.9	0.0	0.0	0.0	0.0	0.0	0.0	0.0	0.0	0.0	0.0	0.0	0.0	0.0	0.0	0.0	0.0	0.0	0.0	155.72923479398298	0.0	42.83845650752125	31.35382603008502	9.816873773708306	5.644211903204709	3.499018966644866	1.0529758011772399	0.5559189012426422	0.17658600392413343	0.12426422498364945	0.026160889470241987	0.0	0.0	0.0	0.0	0.0	0.0	0.0	0.0	0.0	0.0	0.0	0.0	0.0	0.0	0.0	0.0	0.0	0.0	0.0	0.0	0.0	0.0	0.0	0.0	0.0	0.0	0.0	0.0	0.0	0.0	0.0	0.0	0.0	0.033032134120943114	0.0	0.028163151482059202	0.04976197768332093	0.03253359406398487	0.033944816650440385	0.042364471471132356	0.025986604143893123	0.0253949350664713	0.017349603325723776	0.024708352396650302	0.009893221606071647	0.0	0.0	0.0	0.0	0.0	0.0	0.0	0.0	0.0	0.0	0.0	0.0	0.0	0.0	0.0																																					
gf377c4	HDR20210125074215	2021-01-25 07:42:15	87.5	128.7	0.0	0.0	0.0	0.0	0.0	0.0	0.0	0.0	0.0	0.0	0.0	0.0	0.0	0.0	0.0	0.0	0.0	0.0	170.3729603729604	0.0	44.778554778554785	32.105672105672106	10.777000777000778	6.418026418026418	3.760683760683761	1.4374514374514376	0.7148407148407149	0.27972027972027974	0.046620046620046623	0.038850038850038855	0.007770007770007771	0.007770007770007771	0.0	0.0	0.0	0.0	0.0	0.0	0.0	0.0	0.0	0.0	0.0	0.0	0.0	0.0	0.0	0.0	0.0	0.0	0.0	0.0	0.0	0.0	0.0	0.0	0.0	0.0	0.0	0.0	0.0	0.0	0.0	0.036138252943108906	0.0	0.02943862417532969	0.050975085973239555	0.036029493519752424	0.03919813703310013	0.045608895016721135	0.03546993646751857	0.0342178267586147	0.026981902591820768	0.008123946212121685	0.014096664997026997	0.0074741930315326876	0.012718612921829778	0.0	0.0	0.0	0.0	0.0	0.0	0.0	0.0	0.0	0.0	0.0	0.0	0.0																																					
gf377c4	HDR20210125074215	2021-01-25 07:42:15	92.5	178.2	0.0	0.0	0.0	0.0	0.0	0.0	0.0	0.0	0.0	0.0	0.0	0.0	0.0	0.0	0.0	0.0	0.0	0.0	189.66329966329968	0.0	45.303030303030305	32.53086419753087	10.85858585858586	6.167227833894501	3.602693602693603	1.0325476992143658	0.49943883277216616	0.1627384960718294	0.07295173961840629	0.03928170594837262	0.0056116722783389455	0.0056116722783389455	0.0	0.0	0.0	0.0	0.0	0.0	0.0	0.0	0.0	0.0	0.0	0.0	0.0	0.0	0.0	0.0	0.0	0.0	0.0	0.0	0.0	0.0	0.0	0.0	0.0	0.0	0.0	0.0	0.0	0.0	0.0	0.04022997711757077	0.0	0.02978342846681585	0.05146676026626075	0.03603272678309243	0.037078652352370345	0.04361547513289372	0.02522515753444201	0.023548989619151285	0.016083711206609824	0.013713876442443677	0.01615594202541536	0.005448749966878624	0.01046203315256955	0.0	0.0	0.0	0.0	0.0	0.0	0.0	0.0	0.0	0.0	0.0	0.0	0.0																																					
gf377c4	HDR20210125074215	2021-01-25 07:42:15	97.5	117.7	0.0	0.0	0.0	0.0	0.0	0.0	0.0	0.0	0.0	0.0	0.0	0.0	0.0	0.0	0.0	0.0	0.0	0.0	204.12914188615122	0.0	45.50552251486831	33.092608326253185	11.333899745114698	6.397621070518267	3.8742565845369583	1.4358538657604079	0.8496176720475785	0.21240441801189464	0.11045029736618521	0.033984706881903144	0.025488530161427356	0.008496176720475786	0.0	0.0	0.0	0.0	0.0	0.0	0.0	0.0	0.0	0.0	0.0	0.0	0.0	0.0	0.0	0.0	0.0	0.0	0.0	0.0	0.0	0.0	0.0	0.0	0.0	0.0	0.0	0.0	0.0	0.0	0.0	0.04329836463716382	0.0	0.029916552283611855	0.05231072964593913	0.03816244793655316	0.03879949820276493	0.04736729166940378	0.03525003440020739	0.03944858370154326	0.0206055024345369	0.022580178794631804	0.013565849929466663	0.018846070571787187	0.014285948180418624	0.0	0.0	0.0	0.0	0.0	0.0	0.0	0.0	0.0	0.0	0.0	0.0	0.0																																					
gf377c4	HDR20210125074215	2021-01-25 07:42:15	102.5	78.1	0.0	0.0	0.0	0.0	0.0	0.0	0.0	0.0	0.0	0.0	0.0	0.0	0.0	0.0	0.0	0.0	0.0	0.0	194.31498079385403	0.0	45.249679897567226	32.20230473751601	10.588988476312421	6.683738796414853	3.9948783610755445	1.4212548015364919	0.5505761843790014	0.2560819462227913	0.012804097311139566	0.025608194622279132	0.0	0.012804097311139566	0.0	0.0	0.0	0.0	0.0	0.0	0.0	0.0	0.0	0.0	0.0	0.0	0.0	0.0	0.0	0.0	0.0	0.0	0.0	0.0	0.0	0.0	0.0	0.0	0.0	0.0	0.0	0.0	0.0	0.0	0.0	0.04121665733336714	0.0	0.029748354477854032	0.05114901216167862	0.03519400722185521	0.04029499021969972	0.0486403130463584	0.0354126025630497	0.026941432801826797	0.02527405761252423	0.0025945947068421885	0.01017187929718017	0.0	0.01942027064947574	0.0	0.0	0.0	0.0	0.0	0.0	0.0	0.0	0.0	0.0	0.0	0.0	0.0																																					
gf377c4	HDR20210125074215	2021-01-25 07:42:15	107.5	104.5	0.0	0.0	0.0	0.0	0.0	0.0	0.0	0.0	0.0	0.0	0.0	0.0	0.0	0.0	0.0	0.0	0.0	0.0	201.16746411483254	0.0	45.578947368421055	33.92344497607655	10.870813397129186	6.143540669856459	4.3253588516746415	1.3779904306220097	0.6602870813397129	0.1339712918660287	0.0861244019138756	0.0	0.0	0.028708133971291867	0.019138755980861243	0.009569377990430622	0.0	0.0	0.0	0.0	0.0	0.0	0.0	0.0	0.0	0.0	0.0	0.0	0.0	0.0	0.0	0.0	0.0	0.0	0.0	0.0	0.0	0.0	0.0	0.0	0.0	0.0	0.0	0.0	0.0	0.042670155441282026	0.0	0.029964823753728685	0.05389101747214945	0.03604493304518959	0.03720444843161017	0.05167072537036392	0.0333780753787557	0.030847724115732337	0.013162635567141368	0.01777265175057794	0.0	0.0	0.04071836777344985	0.058307636516443655	0.0513748164955323	0.0	0.0	0.0	0.0	0.0	0.0	0.0	0.0	0.0	0.0	0.0																																					
gf377c4	HDR20210125074215	2021-01-25 07:42:15	112.5	89.1	0.0	0.0	0.0	0.0	0.0	0.0	0.0	0.0	0.0	0.0	0.0	0.0	0.0	0.0	0.0	0.0	0.0	0.0	196.16161616161617	0.0	45.802469135802475	31.61616161616162	10.95398428731762	6.217732884399552	3.4567901234567904	1.4253647586980922	0.4938271604938272	0.2356902356902357	0.14590347923681257	0.03367003367003367	0.011223344556677891	0.011223344556677891	0.0	0.0	0.0	0.0	0.0	0.0	0.0	0.0	0.0	0.0	0.0	0.0	0.0	0.0	0.0	0.0	0.0	0.0	0.0	0.0	0.0	0.0	0.0	0.0	0.0	0.0	0.0	0.0	0.0	0.0	0.0	0.041608351977093436	0.0	0.03011177296496358	0.050172740458412746	0.03617562695634277	0.03745411654872876	0.04352405970925801	0.035575078720181716	0.023808080093617345	0.022740779435513926	0.028143422656987473	0.013178654106790188	0.00875195739222884	0.019376981028385462	0.0	0.0	0.0	0.0	0.0	0.0	0.0	0.0	0.0	0.0	0.0	0.0	0.0																																					
gf377c4	HDR20210125074215	2021-01-25 07:42:15	117.5	167.2	0.0	0.0	0.0	0.0	0.0	0.0	0.0	0.0	0.0	0.0	0.0	0.0	0.0	0.0	0.0	0.0	0.0	0.0	174.85047846889952	0.0	43.3732057416268	29.826555023923447	9.431818181818182	5.9688995215311005	3.7679425837320575	1.333732057416268	0.6040669856459331	0.16148325358851676	0.08971291866028709	0.04784688995215311	0.017942583732057416	0.0	0.0	0.0	0.0	0.0	0.0	0.0	0.0	0.0	0.0	0.0	0.0	0.0	0.0	0.0	0.0	0.0	0.0	0.0	0.0	0.0	0.0	0.0	0.0	0.0	0.0	0.0	0.0	0.0	0.0	0.0	0.0	0.03708799098343046	0.0	0.028514709986096003	0.04714118859984323	0.03147934017467143	0.0362755119954188	0.04605491019661068	0.033177708365569006	0.027385898145489078	0.016269674486970722	0.015909898637999444	0.017674280474052617	0.013458980929674954	0.0	0.0	0.0	0.0	0.0	0.0	0.0	0.0	0.0	0.0	0.0	0.0	0.0	0.0																																					
gf377c4	HDR20210125074215	2021-01-25 07:42:15	122.5	154.0	0.0	0.0	0.0	0.0	0.0	0.0	0.0	0.0	0.0	0.0	0.0	0.0	0.0	0.0	0.0	0.0	0.0	0.0	126.29220779220779	0.0	31.61038961038961	22.318181818181817	7.461038961038961	4.454545454545454	2.75974025974026	0.987012987012987	0.4935064935064935	0.14285714285714285	0.05194805194805195	0.045454545454545456	0.006493506493506494	0.0	0.0	0.0	0.0	0.0	0.0	0.0	0.0	0.0	0.0	0.0	0.0	0.0	0.0	0.0	0.0	0.0	0.0	0.0	0.0	0.0	0.0	0.0	0.0	0.0	0.0	0.0	0.0	0.0	0.0	0.0	0.0	0.026788169554297518	0.0	0.020781518840390763	0.03541257573631799	0.024858434649318178	0.02728158369980078	0.03327834927705372	0.02456839590843315	0.023323237022864818	0.013055890767990488	0.01036955522998203	0.016567627030037894	0.005336470693088632	0.0	0.0	0.0	0.0	0.0	0.0	0.0	0.0	0.0	0.0	0.0	0.0	0.0	0.0																																					
gf377c4	HDR20210125074215	2021-01-25 07:42:15	127.5	184.8	0.0	0.0	0.0	0.0	0.0	0.0	0.0	0.0	0.0	0.0	0.0	0.0	0.0	0.0	0.0	0.0	0.0	0.0	103.23051948051948	0.0	23.035714285714285	14.69155844155844	4.296536796536796	2.472943722943723	1.726190476190476	0.6764069264069263	0.3409090909090909	0.13528138528138528	0.0487012987012987	0.03787878787878788	0.005411255411255411	0.0	0.0	0.0	0.0	0.0	0.0	0.0	0.0	0.0	0.0	0.0	0.0	0.0	0.0	0.0	0.0	0.0	0.0	0.0	0.0	0.0	0.0	0.0	0.0	0.0	0.0	0.0	0.0	0.0	0.0	0.0	0.0	0.02189649470355519	0.0	0.015144297059631516	0.023206220119913547	0.014300440737594258	0.014916312062799456	0.02104152934509318	0.016505529046017996	0.016798353727143545	0.012900805192653221	0.009693670326604904	0.014180033432647364	0.003034042486093405	0.0	0.0	0.0	0.0	0.0	0.0	0.0	0.0	0.0	0.0	0.0	0.0	0.0	0.0																																					
gf377c4	HDR20210125074215	2021-01-25 07:42:15	132.5	163.9	0.0	0.0	0.0	0.0	0.0	0.0	0.0	0.0	0.0	0.0	0.0	0.0	0.0	0.0	0.0	0.0	0.0	0.0	96.95546064673582	0.0	18.999389871873092	11.36058572300183	3.12385600976205	1.5375228798047589	1.1409395973154361	0.43929225137278827	0.2867602196461257	0.09762050030506406	0.08541793776693105	0.0061012812690665035	0.0	0.0	0.0	0.0	0.0	0.0	0.0	0.0	0.0	0.0	0.0	0.0	0.0	0.0	0.0	0.0	0.0	0.0	0.0	0.0	0.0	0.0	0.0	0.0	0.0	0.0	0.0	0.0	0.0	0.0	0.0	0.0	0.0	0.020565475609493858	0.0	0.012490709018293356	0.017838537936516213	0.010364747812398	0.009183607359508466	0.014407800009712682	0.010437174363988722	0.01370390188682001	0.010153334645323817	0.017611926014716173	0.0021113085289296753	0.0	0.0	0.0	0.0	0.0	0.0	0.0	0.0	0.0	0.0	0.0	0.0	0.0	0.0	0.0																																					
gf377c4	HDR20210125074215	2021-01-25 07:42:15	137.5	140.8	0.0	0.0	0.0	0.0	0.0	0.0	0.0	0.0	0.0	0.0	0.0	0.0	0.0	0.0	0.0	0.0	0.0	0.0	90.24147727272727	0.0	17.798295454545453	10.688920454545453	2.961647727272727	1.7613636363636362	1.1789772727272727	0.4900568181818181	0.15625	0.09232954545454544	0.028409090909090908	0.02130681818181818	0.007102272727272727	0.007102272727272727	0.007102272727272727	0.0	0.0	0.0	0.0	0.0	0.0	0.0	0.0	0.0	0.0	0.0	0.0	0.0	0.0	0.0	0.0	0.0	0.0	0.0	0.0	0.0	0.0	0.0	0.0	0.0	0.0	0.0	0.0	0.0	0.0	0.01914135508652702	0.0	0.011701077300037705	0.01663980003788861	0.009905928014894474	0.0107538051794258	0.014282088100163908	0.012079432914496327	0.007438664701786895	0.009140029457638598	0.004817339491169187	0.0065838045745714386	0.006577433539270043	0.014163816128490379	0.022379455205909504	0.0	0.0	0.0	0.0	0.0	0.0	0.0	0.0	0.0	0.0	0.0	0.0																																					
gf377c4	HDR20210125074215	2021-01-25 07:42:15	142.5	110.0	0.0	0.0	0.0	0.0	0.0	0.0	0.0	0.0	0.0	0.0	0.0	0.0	0.0	0.0	0.0	0.0	0.0	0.0	82.82727272727273	0.0	15.39090909090909	9.209090909090909	2.4545454545454546	1.6636363636363636	1.1363636363636365	0.35454545454545455	0.23636363636363636	0.01818181818181818	0.05454545454545454	0.01818181818181818	0.01818181818181818	0.00909090909090909	0.0	0.0	0.0	0.0	0.0	0.0	0.0	0.0	0.0	0.0	0.0	0.0	0.0	0.0	0.0	0.0	0.0	0.0	0.0	0.0	0.0	0.0	0.0	0.0	0.0	0.0	0.0	0.0	0.0	0.0	0.0	0.017568708824766653	0.0	0.010118396868425264	0.014489412142838226	0.008168923839996862	0.010087462230269701	0.01395189074829788	0.00886331284530275	0.011346587104061872	0.0019043091556989594	0.011403142217543712	0.0062932000603777944	0.012700206189009976	0.012351319755983312	0.0	0.0	0.0	0.0	0.0	0.0	0.0	0.0	0.0	0.0	0.0	0.0	0.0																																					
gf377c4	HDR20210125074215	2021-01-25 07:42:15	147.5	221.1	0.0	0.0	0.0	0.0	0.0	0.0	0.0	0.0	0.0	0.0	0.0	0.0	0.0	0.0	0.0	0.0	0.0	0.0	73.95296246042516	0.0	14.011759384893713	8.421528720036182	2.2885572139303485	1.1759384893713252	0.7598371777476255	0.3075531433740389	0.2261420171867933	0.054274084124830396	0.0407055630936228	0.004522840343735866	0.0	0.0	0.0	0.0	0.0	0.0	0.0	0.0	0.0	0.0	0.0	0.0	0.0	0.0	0.0	0.0	0.0	0.0	0.0	0.0	0.0	0.0	0.0	0.0	0.0	0.0	0.0	0.0	0.0	0.0	0.0	0.0	0.0	0.015686355730608264	0.0	0.009211706822761994	0.013202874441827083	0.007677283296748844	0.007021785125105719	0.009325981115666722	0.007667331109779879	0.010830330036374498	0.005329158361113331	0.006656409723044529	0.0013514171556969399	0.0	0.0	0.0	0.0	0.0	0.0	0.0	0.0	0.0	0.0	0.0	0.0	0.0	0.0	0.0																																					
gf377c4	HDR20210125074215	2021-01-25 07:42:15	152.5	119.9	0.0	0.0	0.0	0.0	0.0	0.0	0.0	0.0	0.0	0.0	0.0	0.0	0.0	0.0	0.0	0.0	0.0	0.0	82.9441201000834	0.0	14.045037531276062	8.073394495412844	2.3769808173477895	1.3761467889908257	1.0258548790658881	0.3336113427856547	0.21684737281067556	0.041701417848206836	0.016680567139282735	0.041701417848206836	0.0	0.008340283569641367	0.0	0.0	0.0	0.0	0.0	0.0	0.0	0.0	0.0	0.0	0.0	0.0	0.0	0.0	0.0	0.0	0.0	0.0	0.0	0.0	0.0	0.0	0.0	0.0	0.0	0.0	0.0	0.0	0.0	0.0	0.0	0.017593493625741675	0.0	0.009233584769682036	0.012579225275613863	0.007827426279050063	0.008331430119720547	0.01239790119325929	0.00860696584263771	0.010461409435304101	0.0042627289543759675	0.0032599375022877544	0.015373476988829793	0.0	0.010069971779143929	0.0	0.0	0.0	0.0	0.0	0.0	0.0	0.0	0.0	0.0	0.0	0.0	0.0																																					
gf377c4	HDR20210125074215	2021-01-25 07:42:15	157.5	127.6	0.0	0.0	0.0	0.0	0.0	0.0	0.0	0.0	0.0	0.0	0.0	0.0	0.0	0.0	0.0	0.0	0.0	0.0	96.51253918495298	0.0	14.702194357366771	7.946708463949844	2.2962382445141065	1.34012539184953	0.768025078369906	0.3605015673981191	0.19592476489028213	0.047021943573667714	0.03918495297805643	0.015673981191222573	0.0	0.0	0.0	0.0	0.0	0.0	0.0	0.0	0.0	0.0	0.0	0.0	0.0	0.0	0.0	0.0	0.0	0.0	0.0	0.0	0.0	0.0	0.0	0.0	0.0	0.0	0.0	0.0	0.0	0.0	0.0	0.0	0.0	0.02047152638313306	0.0	0.009665617311223597	0.012548724766796282	0.007515061399186208	0.008145821160739896	0.009342515156884987	0.008767610345001316	0.008860441222842618	0.004517345390101352	0.005859207114180901	0.005821213242531577	0.0	0.0	0.0	0.0	0.0	0.0	0.0	0.0	0.0	0.0	0.0	0.0	0.0	0.0	0.0																																					
gf377c4	HDR20210125074215	2021-01-25 07:42:15	162.5	172.7	0.0	0.0	0.0	0.0	0.0	0.0	0.0	0.0	0.0	0.0	0.0	0.0	0.0	0.0	0.0	0.0	0.0	0.0	108.332368268674	0.0	14.643891140706428	8.071800810654315	2.5419803126809497	1.354950781702374	0.7527504342790967	0.3937463810075275	0.18529241459177767	0.06369426751592357	0.04053271569195136	0.02316155182397221	0.005790387955993052	0.005790387955993052	0.0	0.0	0.0	0.0	0.0	0.0	0.0	0.0	0.0	0.0	0.0	0.0	0.0	0.0	0.0	0.0	0.0	0.0	0.0	0.0	0.0	0.0	0.0	0.0	0.0	0.0	0.0	0.0	0.0	0.0	0.0	0.02297866115520466	0.0	0.009627287211202176	0.012703045376512269	0.008408581678132068	0.008311485500130179	0.009417152915807907	0.009771987303155486	0.008719117411643749	0.006544845731816537	0.006988657986504977	0.00738093902862162	0.005107494916143935	0.009350170287343728	0.0	0.0	0.0	0.0	0.0	0.0	0.0	0.0	0.0	0.0	0.0	0.0	0.0																																					
gf377c4	HDR20210125074215	2021-01-25 07:42:15	167.5	202.4	0.0	0.0	0.0	0.0	0.0	0.0	0.0	0.0	0.0	0.0	0.0	0.0	0.0	0.0	0.0	0.0	0.0	0.0	119.10573122529644	0.0	15.884387351778656	8.073122529644268	2.0454545454545454	1.0523715415019763	0.6867588932806324	0.22727272727272727	0.11363636363636363	0.03458498023715415	0.024703557312252964	0.019762845849802372	0.004940711462450593	0.0	0.0	0.0	0.0	0.0	0.0	0.0	0.0	0.0	0.0	0.0	0.0	0.0	0.0	0.0	0.0	0.0	0.0	0.0	0.0	0.0	0.0	0.0	0.0	0.0	0.0	0.0	0.0	0.0	0.0	0.0	0.0	0.025263827267961426	0.0	0.010442822726568228	0.012708237280498169	0.00675219843760866	0.006483537218475345	0.008326641201739563	0.005632910127736768	0.00493467547340636	0.0033675184289963128	0.005257491833143628	0.006637348763420078	0.003609257484751624	0.0	0.0	0.0	0.0	0.0	0.0	0.0	0.0	0.0	0.0	0.0	0.0	0.0	0.0																																					
gf377c4	HDR20210125074215	2021-01-25 07:42:15	172.5	178.2	0.0	0.0	0.0	0.0	0.0	0.0	0.0	0.0	0.0	0.0	0.0	0.0	0.0	0.0	0.0	0.0	0.0	0.0	125.77441077441078	0.0	15.016835016835017	8.540965207631874	2.463524130190797	1.4478114478114479	0.9876543209876544	0.3815937149270483	0.207631874298541	0.1627384960718294	0.05050505050505051	0.011223344556677891	0.0056116722783389455	0.0	0.0	0.0	0.0	0.0	0.0	0.0	0.0	0.0	0.0	0.0	0.0	0.0	0.0	0.0	0.0	0.0	0.0	0.0	0.0	0.0	0.0	0.0	0.0	0.0	0.0	0.0	0.0	0.0	0.0	0.0	0.0	0.026678338278481373	0.0	0.00987247052857664	0.013423287077690312	0.008314461861339497	0.008961051565746045	0.01218743382148333	0.00936861584279645	0.010107052448341222	0.01684272390921627	0.009566108531359842	0.004272425929287982	0.0036977832675336125	0.0	0.0	0.0	0.0	0.0	0.0	0.0	0.0	0.0	0.0	0.0	0.0	0.0	0.0																																					
gf377c4	HDR20210125074215	2021-01-25 07:42:15	177.5	143.0	0.0	0.0	0.0	0.0	0.0	0.0	0.0	0.0	0.0	0.0	0.0	0.0	0.0	0.0	0.0	0.0	0.0	0.0	108.16783216783217	0.0	12.195804195804195	7.006993006993007	2.13986013986014	1.2167832167832169	0.6573426573426573	0.2727272727272727	0.11188811188811189	0.06293706293706294	0.0979020979020979	0.027972027972027972	0.013986013986013986	0.006993006993006993	0.0	0.0	0.0	0.0	0.0	0.0	0.0	0.0	0.0	0.0	0.0	0.0	0.0	0.0	0.0	0.0	0.0	0.0	0.0	0.0	0.0	0.0	0.0	0.0	0.0	0.0	0.0	0.0	0.0	0.0	0.0	0.022943760973758734	0.0	0.008017849124691563	0.010983620812310189	0.007114518352622304	0.007535065348354215	0.007898356574831044	0.006535626535244866	0.00518717498436424	0.006257307465589931	0.021272249697353838	0.010076112992033972	0.008945166347529468	0.015050026259698361	0.0	0.0	0.0	0.0	0.0	0.0	0.0	0.0	0.0	0.0	0.0	0.0	0.0																																					
gf377c4	HDR20210125074215	2021-01-25 07:42:15	182.5	149.6	0.0	0.0	0.0	0.0	0.0	0.0	0.0	0.0	0.0	0.0	0.0	0.0	0.0	0.0	0.0	0.0	0.0	0.0	86.71791443850267	0.0	13.04144385026738	7.346256684491979	1.8449197860962567	0.8890374331550802	0.6283422459893049	0.31417112299465244	0.11363636363636365	0.040106951871657755	0.020053475935828877	0.020053475935828877	0.0	0.0	0.0	0.0	0.0	0.0	0.0	0.0	0.0	0.0	0.0	0.0	0.0	0.0	0.0	0.0	0.0	0.0	0.0	0.0	0.0	0.0	0.0	0.0	0.0	0.0	0.0	0.0	0.0	0.0	0.0	0.0	0.0	0.01839396298460311	0.0	0.008573795338199547	0.011478320140990985	0.005933956419820101	0.005473235761213106	0.007447748207263881	0.00802939536113788	0.005814278540414251	0.0038600271534225653	0.0044080140215730194	0.006346814760261064	0.0	0.0	0.0	0.0	0.0	0.0	0.0	0.0	0.0	0.0	0.0	0.0	0.0	0.0	0.0																																					
gf377c4	HDR20210125074215	2021-01-25 07:42:15	187.5	180.4	0.0	0.0	0.0	0.0	0.0	0.0	0.0	0.0	0.0	0.0	0.0	0.0	0.0	0.0	0.0	0.0	0.0	0.0	83.66962305986696	0.0	12.599778270509978	7.70509977827051	2.0232815964523283	0.9866962305986696	0.6984478935698447	0.39356984478935697	0.16075388026607537	0.06097560975609756	0.027716186252771616	0.011086474501108647	0.022172949002217293	0.0	0.0	0.0	0.0	0.0	0.0	0.0	0.0	0.0	0.0	0.0	0.0	0.0	0.0	0.0	0.0	0.0	0.0	0.0	0.0	0.0	0.0	0.0	0.0	0.0	0.0	0.0	0.0	0.0	0.0	0.0	0.0	0.017747381950592278	0.0	0.008283432527743587	0.012128357945598857	0.006655079614367921	0.0059022172528489895	0.008429896337796316	0.009456465922643629	0.007186190614900979	0.006125756428716075	0.005789142353005499	0.003931539401123988	0.015343320486860828	0.0	0.0	0.0	0.0	0.0	0.0	0.0	0.0	0.0	0.0	0.0	0.0	0.0	0.0																																					
gf377c4	HDR20210125074215	2021-01-25 07:42:15	192.5	104.5	0.0	0.0	0.0	0.0	0.0	0.0	0.0	0.0	0.0	0.0	0.0	0.0	0.0	0.0	0.0	0.0	0.0	0.0	71.45454545454545	0.0	11.454545454545455	6.488038277511961	1.8660287081339713	1.1770334928229664	0.784688995215311	0.23923444976076555	0.14354066985645933	0.04784688995215311	0.009569377990430622	0.04784688995215311	0.009569377990430622	0.009569377990430622	0.0	0.0	0.0	0.0	0.0	0.0	0.0	0.0	0.0	0.0	0.0	0.0	0.0	0.0	0.0	0.0	0.0	0.0	0.0	0.0	0.0	0.0	0.0	0.0	0.0	0.0	0.0	0.0	0.0	0.0	0.0	0.015156409983828984	0.0	0.0075305257260577865	0.010188346722620312	0.00611465266403398	0.007320812254916086	0.009606999655834	0.005595242749178235	0.0067872099436631	0.0039533227587877475	0.0018921078868795176	0.017922240754997026	0.005792111955004959	0.01728613166347981	0.0	0.0	0.0	0.0	0.0	0.0	0.0	0.0	0.0	0.0	0.0	0.0	0.0																																					
gf377c4	HDR20210125074215	2021-01-25 07:42:15	197.5	89.1	0.0	0.0	0.0	0.0	0.0	0.0	0.0	0.0	0.0	0.0	0.0	0.0	0.0	0.0	0.0	0.0	0.0	0.0	67.49719416386084	0.0	11.795735129068463	6.644219977553312	1.8069584736251405	0.931537598204265	0.6397306397306398	0.2356902356902357	0.1234567901234568	0.011223344556677891	0.022446689113355782	0.0	0.011223344556677891	0.011223344556677891	0.0	0.0	0.0	0.0	0.0	0.0	0.0	0.0	0.0	0.0	0.0	0.0	0.0	0.0	0.0	0.0	0.0	0.0	0.0	0.0	0.0	0.0	0.0	0.0	0.0	0.0	0.0	0.0	0.0	0.0	0.0	0.014317005881121402	0.0	0.007754832978725	0.010342431171753918	0.006063767412622861	0.0056411559745468964	0.008123313877397852	0.005916066416598207	0.005411014420099064	0.0015513400293889444	0.005648593732415741	0.0	0.00875195739222884	0.015017730014358703	0.0	0.0	0.0	0.0	0.0	0.0	0.0	0.0	0.0	0.0	0.0	0.0	0.0																																					
gf377c4	HDR20210125074215	2021-01-25 07:42:15	202.5	75.9	0.0	0.0	0.0	0.0	0.0	0.0	0.0	0.0	0.0	0.0	0.0	0.0	0.0	0.0	0.0	0.0	0.0	0.0	63.741765480895914	0.0	11.040843214756258	5.9683794466403155	1.8181818181818181	0.8827404479578392	0.5138339920948616	0.23715415019762845	0.052700922266139656	0.06587615283267456	0.052700922266139656	0.013175230566534914	0.0	0.0	0.0	0.0	0.0	0.0	0.0	0.0	0.0	0.0	0.0	0.0	0.0	0.0	0.0	0.0	0.0	0.0	0.0	0.0	0.0	0.0	0.0	0.0	0.0	0.0	0.0	0.0	0.0	0.0	0.0	0.0	0.0	0.013520432109334481	0.0	0.0072585467660874455	0.00923429128566344	0.006189428915880538	0.00540091836246718	0.006128022903648144	0.005900855503982853	0.002328239086152303	0.00738073454260322	0.011088270130434938	0.004400279467812827	0.0	0.0	0.0	0.0	0.0	0.0	0.0	0.0	0.0	0.0	0.0	0.0	0.0	0.0	0.0																																					
gf377c4	HDR20210125074215	2021-01-25 07:42:15	207.5	89.1	0.0	0.0	0.0	0.0	0.0	0.0	0.0	0.0	0.0	0.0	0.0	0.0	0.0	0.0	0.0	0.0	0.0	0.0	58.77665544332211	0.0	10.022446689113357	5.622895622895623	1.762065095398429	0.8641975308641976	0.5948372615039282	0.2469135802469136	0.08978675645342313	0.044893378226711564	0.03367003367003367	0.011223344556677891	0.022446689113355782	0.0	0.0	0.0	0.0	0.0	0.0	0.0	0.0	0.0	0.0	0.0	0.0	0.0	0.0	0.0	0.0	0.0	0.0	0.0	0.0	0.0	0.0	0.0	0.0	0.0	0.0	0.0	0.0	0.0	0.0	0.0	0.0	0.012467269670673891	0.0	0.006589025547099357	0.008749751427568796	0.005818031240975093	0.005167371360968685	0.006906754425725341	0.006322949719191411	0.0042576427766734554	0.004297247083781078	0.007578220940451273	0.003952150156672133	0.018220758114432606	0.0	0.0	0.0	0.0	0.0	0.0	0.0	0.0	0.0	0.0	0.0	0.0	0.0	0.0																																					
gf377c4	HDR20210125074215	2021-01-25 07:42:15	212.5	134.2	0.0	0.0	0.0	0.0	0.0	0.0	0.0	0.0	0.0	0.0	0.0	0.0	0.0	0.0	0.0	0.0	0.0	0.0	63.50223546944859	0.0	10.305514157973175	5.529061102831595	1.3189269746646797	0.819672131147541	0.5663189269746647	0.1639344262295082	0.11922503725782416	0.01490312965722802	0.05961251862891208	0.00745156482861401	0.0	0.0	0.0	0.0	0.0	0.0	0.0	0.0	0.0	0.0	0.0	0.0	0.0	0.0	0.0	0.0	0.0	0.0	0.0	0.0	0.0	0.0	0.0	0.0	0.0	0.0	0.0	0.0	0.0	0.0	0.0	0.0	0.0	0.013469624773932199	0.0	0.00677512170123466	0.008660672130937765	0.004375609609452514	0.004957558026905017	0.006840573070679535	0.004141732098501097	0.006369957699257248	0.0012801059464685911	0.012760681483691493	0.0025785653345124725	0.0	0.0	0.0	0.0	0.0	0.0	0.0	0.0	0.0	0.0	0.0	0.0	0.0	0.0	0.0																																					
gf377c4	HDR20210125074215	2021-01-25 07:42:15	217.5	61.6	0.0	0.0	0.0	0.0	0.0	0.0	0.0	0.0	0.0	0.0	0.0	0.0	0.0	0.0	0.0	0.0	0.0	0.0	65.79545454545455	0.0	9.935064935064934	5.649350649350649	1.461038961038961	1.0227272727272727	0.40584415584415584	0.2597402597402597	0.12987012987012986	0.032467532467532464	0.016233766233766232	0.032467532467532464	0.0	0.0	0.0	0.0	0.0	0.0	0.0	0.0	0.0	0.0	0.0	0.0	0.0	0.0	0.0	0.0	0.0	0.0	0.0	0.0	0.0	0.0	0.0	0.0	0.0	0.0	0.0	0.0	0.0	0.0	0.0	0.0	0.0	0.013956045452666958	0.0	0.006531578435866447	0.00871031970398223	0.0047964559029449365	0.006306484412876389	0.005130857501430573	0.006118880263130627	0.007254577594370248	0.0026112150733518034	0.0032895754318892027	0.014073203732868812	0.0	0.0	0.0	0.0	0.0	0.0	0.0	0.0	0.0	0.0	0.0	0.0	0.0	0.0	0.0																																					
gf377c4	HDR20210125074215	2021-01-25 07:42:15	222.5	122.1	0.0	0.0	0.0	0.0	0.0	0.0	0.0	0.0	0.0	0.0	0.0	0.0	0.0	0.0	0.0	0.0	0.0	0.0	77.52661752661753	0.0	10.76986076986077	6.101556101556102	1.425061425061425	0.9909909909909911	0.6224406224406225	0.22113022113022113	0.12285012285012285	0.03276003276003276	0.01638001638001638	0.024570024570024572	0.00819000819000819	0.0	0.0	0.0	0.0	0.0	0.0	0.0	0.0	0.0	0.0	0.0	0.0	0.0	0.0	0.0	0.0	0.0	0.0	0.0	0.0	0.0	0.0	0.0	0.0	0.0	0.0	0.0	0.0	0.0	0.0	0.0	0.0	0.016444373026491207	0.0	0.007080395631178314	0.009744081357273239	0.004778789942131355	0.005946915809767001	0.0073229504198861805	0.0053600092180408065	0.005533904771805482	0.002925309802851584	0.0035655499343812515	0.01053232790997386	0.006250880517658303	0.0	0.0	0.0	0.0	0.0	0.0	0.0	0.0	0.0	0.0	0.0	0.0	0.0	0.0																																					
gf377c4	HDR20210125074215	2021-01-25 07:42:15	227.5	154.0	0.0	0.0	0.0	0.0	0.0	0.0	0.0	0.0	0.0	0.0	0.0	0.0	0.0	0.0	0.0	0.0	0.0	0.0	83.38311688311688	0.0	10.168831168831169	4.967532467532467	1.551948051948052	1.1493506493506493	0.7727272727272727	0.2077922077922078	0.14285714285714285	0.07142857142857142	0.045454545454545456	0.01948051948051948	0.006493506493506494	0.0	0.0	0.0	0.0	0.0	0.0	0.0	0.0	0.0	0.0	0.0	0.0	0.0	0.0	0.0	0.0	0.0	0.0	0.0	0.0	0.0	0.0	0.0	0.0	0.0	0.0	0.0	0.0	0.0	0.0	0.0	0.0	0.017686610378257726	0.0	0.0066852626343574225	0.007707710054947824	0.005198373443137871	0.007049681813664516	0.008929644820692835	0.005218855095419897	0.007242761704001338	0.006469357892941737	0.008933376478869656	0.005896081679101714	0.005841428210513381	0.0	0.0	0.0	0.0	0.0	0.0	0.0	0.0	0.0	0.0	0.0	0.0	0.0	0.0																																					
gf377c4	HDR20210125074215	2021-01-25 07:42:15	232.5	77.0	0.0	0.0	0.0	0.0	0.0	0.0	0.0	0.0	0.0	0.0	0.0	0.0	0.0	0.0	0.0	0.0	0.0	0.0	77.42857142857143	0.0	9.493506493506494	5.545454545454546	1.6753246753246753	0.8571428571428571	0.5064935064935064	0.2597402597402597	0.11688311688311688	0.12987012987012986	0.012987012987012988	0.025974025974025976	0.012987012987012988	0.0	0.0	0.0	0.0	0.0	0.0	0.0	0.0	0.0	0.0	0.0	0.0	0.0	0.0	0.0	0.0	0.0	0.0	0.0	0.0	0.0	0.0	0.0	0.0	0.0	0.0	0.0	0.0	0.0	0.0	0.0	0.0	0.016423576212938645	0.0	0.006241286060939049	0.008682047845078264	0.005533815467419723	0.0052899241791223885	0.00653118669883059	0.006223339508272617	0.005874522242706287	0.012838323812463089	0.0028928731029843643	0.009790090572011705	0.010235512072493878	0.0	0.0	0.0	0.0	0.0	0.0	0.0	0.0	0.0	0.0	0.0	0.0	0.0	0.0																																					
gf377c4	HDR20210125074215	2021-01-25 07:42:15	237.5	132.0	0.0	0.0	0.0	0.0	0.0	0.0	0.0	0.0	0.0	0.0	0.0	0.0	0.0	0.0	0.0	0.0	0.0	0.0	94.66666666666667	0.0	10.272727272727273	5.507575757575758	1.5151515151515151	0.7045454545454546	0.49242424242424243	0.15151515151515152	0.12878787878787878	0.08333333333333333	0.007575757575757576	0.0	0.007575757575757576	0.0	0.0	0.0	0.0	0.0	0.0	0.0	0.0	0.0	0.0	0.0	0.0	0.0	0.0	0.0	0.0	0.0	0.0	0.0	0.0	0.0	0.0	0.0	0.0	0.0	0.0	0.0	0.0	0.0	0.0	0.0	0.0	0.020079993549398538	0.0	0.006753566722575634	0.008440437053053307	0.004867159976656087	0.004310367326874313	0.0057187294123248345	0.0037473124516361395	0.006300912733627775	0.007629418694200948	0.001610624379228445	0.0	0.004471723681708857	0.0	0.0	0.0	0.0	0.0	0.0	0.0	0.0	0.0	0.0	0.0	0.0	0.0	0.0																																					
gf377c4	HDR20210125074215	2021-01-25 07:42:15	242.5	91.3	0.0	0.0	0.0	0.0	0.0	0.0	0.0	0.0	0.0	0.0	0.0	0.0	0.0	0.0	0.0	0.0	0.0	0.0	96.64841182913473	0.0	10.27382256297919	5.651697699890471	1.7305585980284777	0.887185104052574	0.6243154435925521	0.2190580503833516	0.16429353778751368	0.04381161007667032	0.0547645125958379	0.0	0.03285870755750274	0.03285870755750274	0.0	0.01095290251916758	0.0	0.0	0.0	0.0	0.0	0.0	0.0	0.0	0.0	0.0	0.0	0.0	0.0	0.0	0.0	0.0	0.0	0.0	0.0	0.0	0.0	0.0	0.0	0.0	0.0	0.0	0.0	0.0	0.0	0.020500346684034915	0.0	0.0067542867957948016	0.00892385921681542	0.005598637401733423	0.005334210185488037	0.00741190393620358	0.0053858393798617964	0.007831529252666123	0.004534422549148682	0.01089514786863238	0.0	0.021628624692011687	0.05652049435356116	0.0	0.053143454969928304	0.0	0.0	0.0	0.0	0.0	0.0	0.0	0.0	0.0	0.0	0.0																																					
gf377c4	HDR20210125074215	2021-01-25 07:42:15	247.5	122.1	0.0	0.0	0.0	0.0	0.0	0.0	0.0	0.0	0.0	0.0	0.0	0.0	0.0	0.0	0.0	0.0	0.0	0.0	93.98853398853399	0.0	10.27846027846028	5.495495495495495	1.547911547911548	0.8108108108108109	0.343980343980344	0.19656019656019658	0.09828009828009829	0.05733005733005733	0.03276003276003276	0.024570024570024572	0.0	0.00819000819000819	0.0	0.0	0.0	0.0	0.0	0.0	0.0	0.0	0.0	0.0	0.0	0.0	0.0	0.0	0.0	0.0	0.0	0.0	0.0	0.0	0.0	0.0	0.0	0.0	0.0	0.0	0.0	0.0	0.0	0.0	0.0	0.01993615305852663	0.0	0.006757335754470557	0.008577926585582388	0.005139087340195163	0.0049398169174042685	0.00429151266943543	0.004893084804856679	0.004321419654551478	0.005710043610543382	0.0057026572262480965	0.011025204283550253	0.0	0.01536450337318688	0.0	0.0	0.0	0.0	0.0	0.0	0.0	0.0	0.0	0.0	0.0	0.0	0.0																																					
gf377c4	HDR20210125074215	2021-01-25 07:42:15	252.5	146.3	0.0	0.0	0.0	0.0	0.0	0.0	0.0	0.0	0.0	0.0	0.0	0.0	0.0	0.0	0.0	0.0	0.0	0.0	87.19753930280245	0.0	9.166097060833902	5.386192754613806	1.89336978810663	1.059466848940533	0.683526999316473	0.21872863978127136	0.0956937799043062	0.02734107997265892	0.01367053998632946	0.02734107997265892	0.041011619958988374	0.00683526999316473	0.0	0.0	0.0	0.0	0.0	0.0	0.0	0.0	0.0	0.0	0.0	0.0	0.0	0.0	0.0	0.0	0.0	0.0	0.0	0.0	0.0	0.0	0.0	0.0	0.0	0.0	0.0	0.0	0.0	0.0	0.0	0.018495697465391182	0.0	0.006026038309251395	0.008345004472769374	0.006344899499609729	0.00629429903995979	0.008413237050339889	0.0055778885526128604	0.004954839402554415	0.002474724572982855	0.003045441112129854	0.011625240869447485	0.030010957837029718	0.008051764028180522	0.0	0.0	0.0	0.0	0.0	0.0	0.0	0.0	0.0	0.0	0.0	0.0	0.0																																					
gf377c4	HDR20210125074215	2021-01-25 07:42:15	257.5	134.2	0.0	0.0	0.0	0.0	0.0	0.0	0.0	0.0	0.0	0.0	0.0	0.0	0.0	0.0	0.0	0.0	0.0	0.0	89.25484351713861	0.0	8.964232488822654	4.8211624441132646	1.4754098360655739	0.9016393442622952	0.5812220566318927	0.19374068554396426	0.11177347242921014	0.05961251862891208	0.03725782414307005	0.01490312965722802	0.0	0.0	0.0	0.0	0.0	0.0	0.0	0.0	0.0	0.0	0.0	0.0	0.0	0.0	0.0	0.0	0.0	0.0	0.0	0.0	0.0	0.0	0.0	0.0	0.0	0.0	0.0	0.0	0.0	0.0	0.0	0.0	0.0	0.018932077627570976	0.0	0.005893327119729064	0.007650594745499923	0.004879987575121238	0.005409200629153856	0.0072182755072383135	0.004661636266330553	0.005740966443765341	0.005293937086131018	0.006560235834578197	0.004582070154068465	0.0	0.0	0.0	0.0	0.0	0.0	0.0	0.0	0.0	0.0	0.0	0.0	0.0	0.0	0.0																																					
gf377c4	HDR20210125074215	2021-01-25 07:42:15	262.5	85.8	0.0	0.0	0.0	0.0	0.0	0.0	0.0	0.0	0.0	0.0	0.0	0.0	0.0	0.0	0.0	0.0	0.0	0.0	86.87645687645688	0.0	9.662004662004662	4.965034965034965	1.5617715617715617	1.013986013986014	0.675990675990676	0.2913752913752914	0.1048951048951049	0.1048951048951049	0.03496503496503497	0.03496503496503497	0.0	0.023310023310023312	0.011655011655011656	0.0	0.0	0.0	0.0	0.0	0.0	0.0	0.0	0.0	0.0	0.0	0.0	0.0	0.0	0.0	0.0	0.0	0.0	0.0	0.0	0.0	0.0	0.0	0.0	0.0	0.0	0.0	0.0	0.0	0.0	0.018427591834582962	0.0	0.006352061280933969	0.007812323973824048	0.005231922410055974	0.006258194705091937	0.008239218906039578	0.007537035706442984	0.004323869707086066	0.010128203794904918	0.0071268696593180005	0.015413952908836117	0.0	0.028865745186387477	0.03281443239485073	0.0	0.0	0.0	0.0	0.0	0.0	0.0	0.0	0.0	0.0	0.0	0.0																																					
gf377c4	HDR20210125074215	2021-01-25 07:42:15	267.5	100.1	0.0	0.0	0.0	0.0	0.0	0.0	0.0	0.0	0.0	0.0	0.0	0.0	0.0	0.0	0.0	0.0	0.0	0.0	82.92707292707293	0.0	8.981018981018982	4.795204795204795	1.4685314685314685	0.7992007992007992	0.6493506493506493	0.3096903096903097	0.1098901098901099	0.029970029970029972	0.01998001998001998	0.0	0.00999000999000999	0.0	0.0	0.0	0.0	0.0	0.0	0.0	0.0	0.0	0.0	0.0	0.0	0.0	0.0	0.0	0.0	0.0	0.0	0.0	0.0	0.0	0.0	0.0	0.0	0.0	0.0	0.0	0.0	0.0	0.0	0.0	0.0	0.01758987770541683	0.0	0.005904363010401142	0.007475168752601561	0.004875544399672334	0.0048803718410325445	0.007622870302015614	0.007674212256931452	0.0053401185376258375	0.002810959732143774	0.003201423539625864	0.0	0.007790203832643255	0.0	0.0	0.0	0.0	0.0	0.0	0.0	0.0	0.0	0.0	0.0	0.0	0.0	0.0																																					
gf377c4	HDR20210125074215	2021-01-25 07:42:15	272.5	133.1	0.0	0.0	0.0	0.0	0.0	0.0	0.0	0.0	0.0	0.0	0.0	0.0	0.0	0.0	0.0	0.0	0.0	0.0	75.88279489105936	0.0	8.850488354620586	5.01878287002254	1.6003005259203607	1.0368144252441773	0.6686701728024043	0.18031555221637868	0.21036814425244177	0.06010518407212622	0.022539444027047335	0.015026296018031555	0.0	0.0	0.0	0.0	0.0	0.0	0.0	0.0	0.0	0.0	0.0	0.0	0.0	0.0	0.0	0.0	0.0	0.0	0.0	0.0	0.0	0.0	0.0	0.0	0.0	0.0	0.0	0.0	0.0	0.0	0.0	0.0	0.0	0.01609569752031131	0.0	0.005818548671976959	0.007926328994007217	0.0052661112457357846	0.006201737535960639	0.008249724228308029	0.004467756638141984	0.010181239070876948	0.0057661355731216625	0.003842073159752884	0.005625824358209695	0.0	0.0	0.0	0.0	0.0	0.0	0.0	0.0	0.0	0.0	0.0	0.0	0.0	0.0	0.0																																					
gf377c4	HDR20210125074215	2021-01-25 07:42:15	277.5	116.6	0.0	0.0	0.0	0.0	0.0	0.0	0.0	0.0	0.0	0.0	0.0	0.0	0.0	0.0	0.0	0.0	0.0	0.0	78.42195540308748	0.0	8.413379073756433	4.3138936535162955	1.3036020583190395	0.8576329331046313	0.6174957118353345	0.2830188679245283	0.18010291595197256	0.051457975986277875	0.008576329331046312	0.017152658662092625	0.017152658662092625	0.0	0.0	0.0	0.0	0.0	0.0	0.0	0.0	0.0	0.0	0.0	0.0	0.0	0.0	0.0	0.0	0.0	0.0	0.0	0.0	0.0	0.0	0.0	0.0	0.0	0.0	0.0	0.0	0.0	0.0	0.0	0.0	0.016634285478435384	0.0	0.005531181294745949	0.006819298565262045	0.004398541236031359	0.0052323562741694455	0.007588745558325421	0.007047644728344191	0.008807651382157163	0.0048265274774300405	0.0012593308500023323	0.006737252628741383	0.015152966317796758	0.0	0.0	0.0	0.0	0.0	0.0	0.0	0.0	0.0	0.0	0.0	0.0	0.0	0.0																																					
gf377c4	HDR20210125074215	2021-01-25 07:42:15	282.5	108.9	0.0	0.0	0.0	0.0	0.0	0.0	0.0	0.0	0.0	0.0	0.0	0.0	0.0	0.0	0.0	0.0	0.0	0.0	71.68962350780532	0.0	8.52157943067034	4.986225895316804	1.285583103764922	0.8448117539026629	0.7070707070707071	0.2662993572084481	0.09182736455463728	0.04591368227731864	0.018365472910927456	0.0	0.0	0.0	0.0	0.0	0.0	0.0	0.0	0.0	0.0	0.0	0.0	0.0	0.0	0.0	0.0	0.0	0.0	0.0	0.0	0.0	0.0	0.0	0.0	0.0	0.0	0.0	0.0	0.0	0.0	0.0	0.0	0.0	0.0	0.015206273002769794	0.0	0.005602315114463385	0.00780454074224094	0.004293041769196738	0.005207441375959216	0.009239261538416218	0.006961768643809672	0.004134447216817607	0.0041839271355980845	0.00343407958883367	0.0	0.0	0.0	0.0	0.0	0.0	0.0	0.0	0.0	0.0	0.0	0.0	0.0	0.0	0.0	0.0																																					
gf377c4	HDR20210125074215	2021-01-25 07:42:15	287.5	115.5	0.0	0.0	0.0	0.0	0.0	0.0	0.0	0.0	0.0	0.0	0.0	0.0	0.0	0.0	0.0	0.0	0.0	0.0	66.58008658008659	0.0	8.536796536796537	4.857142857142857	1.2294372294372293	0.7878787878787878	0.5367965367965368	0.19047619047619047	0.04329004329004329	0.04329004329004329	0.017316017316017316	0.008658008658008658	0.008658008658008658	0.0	0.0	0.0	0.0	0.0	0.0	0.0	0.0	0.0	0.0	0.0	0.0	0.0	0.0	0.0	0.0	0.0	0.0	0.0	0.0	0.0	0.0	0.0	0.0	0.0	0.0	0.0	0.0	0.0	0.0	0.0	0.0	0.014122475799787338	0.0	0.005612319248596355	0.007748833519507692	0.004028111191478069	0.004871191262477474	0.006353246522248818	0.004618411938533767	0.0023033452374843838	0.0045906937192816515	0.002931025157595882	0.0025375131074084505	0.004854467977749448	0.0	0.0	0.0	0.0	0.0	0.0	0.0	0.0	0.0	0.0	0.0	0.0	0.0	0.0																																					
gf377c4	HDR20210125074215	2021-01-25 07:42:15	292.5	66.0	0.0	0.0	0.0	0.0	0.0	0.0	0.0	0.0	0.0	0.0	0.0	0.0	0.0	0.0	0.0	0.0	0.0	0.0	64.0	0.0	7.954545454545454	4.2727272727272725	1.0606060606060606	0.7272727272727273	0.5757575757575758	0.24242424242424243	0.12121212121212122	0.015151515151515152	0.030303030303030304	0.030303030303030304	0.0	0.015151515151515152	0.0	0.0	0.0	0.0	0.0	0.0	0.0	0.0	0.0	0.0	0.0	0.0	0.0	0.0	0.0	0.0	0.0	0.0	0.0	0.0	0.0	0.0	0.0	0.0	0.0	0.0	0.0	0.0	0.0	0.0	0.0	0.01357520690663563	0.0	0.005229531754206797	0.006670374813938098	0.0035571591711219437	0.004636535558380474	0.007114816254780992	0.0062534932421576366	0.005706101400991501	0.0014888229939861652	0.006080258526833057	0.012027621286510831	0.0	0.021372551054425346	0.0	0.0	0.0	0.0	0.0	0.0	0.0	0.0	0.0	0.0	0.0	0.0	0.0																																					
gf377c4	HDR20210125074215	2021-01-25 07:42:15	297.5	159.5	0.0	0.0	0.0	0.0	0.0	0.0	0.0	0.0	0.0	0.0	0.0	0.0	0.0	0.0	0.0	0.0	0.0	0.0	59.905956112852664	0.0	7.956112852664577	4.175548589341693	1.1222570532915361	0.5454545454545454	0.47648902821316613	0.13166144200626959	0.05642633228840126	0.03134796238244514	0.012539184952978056	0.012539184952978056	0.006269592476489028	0.0	0.0	0.0	0.0	0.0	0.0	0.0	0.0	0.0	0.0	0.0	0.0	0.0	0.0	0.0	0.0	0.0	0.0	0.0	0.0	0.0	0.0	0.0	0.0	0.0	0.0	0.0	0.0	0.0	0.0	0.0	0.0	0.012706808580809508	0.0	0.005230562203813536	0.00656490121066406	0.003743811755950781	0.0031578658681605466	0.0054706598313541115	0.0033469654785097894	0.0028206949954561215	0.0033799786079084723	0.002957166530564562	0.004654167601275664	0.005205781109541162	0.0	0.0	0.0	0.0	0.0	0.0	0.0	0.0	0.0	0.0	0.0	0.0	0.0	0.0																																					
gf377c4	HDR20210125074215	2021-01-25 07:42:15	302.5	72.6	0.0	0.0	0.0	0.0	0.0	0.0	0.0	0.0	0.0	0.0	0.0	0.0	0.0	0.0	0.0	0.0	0.0	0.0	55.743801652892564	0.0	8.650137741046832	4.435261707988981	1.1983471074380165	0.8539944903581268	0.3581267217630854	0.1928374655647383	0.09641873278236915	0.05509641873278237	0.013774104683195593	0.013774104683195593	0.0	0.0	0.0	0.0	0.0	0.0	0.0	0.0	0.0	0.0	0.0	0.0	0.0	0.0	0.0	0.0	0.0	0.0	0.0	0.0	0.0	0.0	0.0	0.0	0.0	0.0	0.0	0.0	0.0	0.0	0.0	0.0	0.0	0.011823963143757403	0.0	0.005686832799379858	0.007007871872748149	0.003920529741571877	0.005404445511607707	0.004341299233273301	0.004721050884729129	0.004909915482955918	0.005845064844719555	0.003727972685860372	0.005720424692941385	0.0	0.0	0.0	0.0	0.0	0.0	0.0	0.0	0.0	0.0	0.0	0.0	0.0	0.0	0.0																																					
gf377c4	HDR20210125074215	2021-01-25 07:42:15	307.5	141.9	0.0	0.0	0.0	0.0	0.0	0.0	0.0	0.0	0.0	0.0	0.0	0.0	0.0	0.0	0.0	0.0	0.0	0.0	65.82100070472163	0.0	8.231148696264976	4.411557434813249	1.1909795630725863	0.6060606060606061	0.4157857646229739	0.21846370683579985	0.1620859760394644	0.04933051444679352	0.00704721634954193	0.00704721634954193	0.00704721634954193	0.0	0.0	0.0	0.0	0.0	0.0	0.0	0.0	0.0	0.0	0.0	0.0	0.0	0.0	0.0	0.0	0.0	0.0	0.0	0.0	0.0	0.0	0.0	0.0	0.0	0.0	0.0	0.0	0.0	0.0	0.0	0.0	0.013961464115131342	0.0	0.005411378151861383	0.006944652754896933	0.00390836373766765	0.003513747308847686	0.004985273231470371	0.005256329139894285	0.007471086372045436	0.004529629689220465	0.001716659139448344	0.002745263830484016	0.004921443474024588	0.0	0.0	0.0	0.0	0.0	0.0	0.0	0.0	0.0	0.0	0.0	0.0	0.0	0.0																																					
gf377c4	HDR20210125074215	2021-01-25 07:42:15	312.5	86.9	0.0	0.0	0.0	0.0	0.0	0.0	0.0	0.0	0.0	0.0	0.0	0.0	0.0	0.0	0.0	0.0	0.0	0.0	70.51783659378596	0.0	8.273878020713463	4.5109321058688145	1.3233601841196776	0.6904487917146145	0.4833141542002301	0.18411967779056385	0.17261219792865362	0.01150747986191024	0.01150747986191024	0.0	0.03452243958573072	0.0	0.0	0.0	0.0	0.0	0.0	0.0	0.0	0.0	0.0	0.0	0.0	0.0	0.0	0.0	0.0	0.0	0.0	0.0	0.0	0.0	0.0	0.0	0.0	0.0	0.0	0.0	0.0	0.0	0.0	0.0	0.0	0.014957722224515092	0.0	0.005439469556997738	0.007030409863573549	0.00436071362186711	0.004223930367970194	0.005968140539190567	0.004851024517959973	0.008936299238072928	0.0008461208332911162	0.002742413093625057	0.0	0.02715593717224606	0.0	0.0	0.0	0.0	0.0	0.0	0.0	0.0	0.0	0.0	0.0	0.0	0.0	0.0																																					
gf377c4	HDR20210125074215	2021-01-25 07:42:15	317.5	178.2	0.0	0.0	0.0	0.0	0.0	0.0	0.0	0.0	0.0	0.0	0.0	0.0	0.0	0.0	0.0	0.0	0.0	0.0	71.02693602693603	0.0	8.417508417508419	4.427609427609428	1.1896745230078565	0.718294051627385	0.415263748597082	0.12906846240179573	0.05050505050505051	0.03928170594837262	0.022446689113355782	0.016835016835016835	0.011223344556677891	0.0	0.0	0.0	0.0	0.0	0.0	0.0	0.0	0.0	0.0	0.0	0.0	0.0	0.0	0.0	0.0	0.0	0.0	0.0	0.0	0.0	0.0	0.0	0.0	0.0	0.0	0.0	0.0	0.0	0.0	0.0	0.0	0.015065708632969205	0.0	0.005533896036197668	0.006995395138750371	0.003888353990913379	0.004304942911466033	0.005083679983185379	0.0029805523484928483	0.0022757393097770496	0.003727169519133473	0.004615737374699939	0.006781596468957581	0.009463406201393292	0.0	0.0	0.0	0.0	0.0	0.0	0.0	0.0	0.0	0.0	0.0	0.0	0.0	0.0																																					
gf377c4	HDR20210125074215	2021-01-25 07:42:15	322.5	119.9	0.0	0.0	0.0	0.0	0.0	0.0	0.0	0.0	0.0	0.0	0.0	0.0	0.0	0.0	0.0	0.0	0.0	0.0	81.52627189324437	0.0	7.939949958298582	4.08673894912427	1.109257714762302	0.8507089241034195	0.47539616346955793	0.16680567139282734	0.06672226855713094	0.0250208507089241	0.0	0.0	0.008340283569641367	0.0	0.0	0.0	0.0	0.0	0.0	0.0	0.0	0.0	0.0	0.0	0.0	0.0	0.0	0.0	0.0	0.0	0.0	0.0	0.0	0.0	0.0	0.0	0.0	0.0	0.0	0.0	0.0	0.0	0.0	0.0	0.0	0.01729275014495977	0.0	0.005219936283098158	0.006391579829105777	0.0036770993924615004	0.005191023848661437	0.005719952293529229	0.004106017009631235	0.0027216200079178926	0.0023420055225384143	0.0	0.0	0.007139631619772389	0.0	0.0	0.0	0.0	0.0	0.0	0.0	0.0	0.0	0.0	0.0	0.0	0.0	0.0																																					
gf377c4	HDR20210125074215	2021-01-25 07:42:15	327.5	160.6	0.0	0.0	0.0	0.0	0.0	0.0	0.0	0.0	0.0	0.0	0.0	0.0	0.0	0.0	0.0	0.0	0.0	0.0	85.76587795765879	0.0	8.443337484433375	4.788293897882939	1.4943960149439601	0.8219178082191781	0.4794520547945206	0.24906600249066002	0.16811955168119552	0.0684931506849315	0.024906600249066005	0.0	0.006226650062266501	0.006226650062266501	0.0	0.0	0.0	0.0	0.0	0.0	0.0	0.0	0.0	0.0	0.0	0.0	0.0	0.0	0.0	0.0	0.0	0.0	0.0	0.0	0.0	0.0	0.0	0.0	0.0	0.0	0.0	0.0	0.0	0.0	0.0	0.018192024043819973	0.0	0.005550876758281344	0.007465474988847977	0.005015660603898153	0.004964092335764616	0.005830074938464692	0.005971268668973335	0.008160026048072845	0.007359734323315675	0.0049912484596899105	0.0	0.006273026024159883	0.007274160028829473	0.0	0.0	0.0	0.0	0.0	0.0	0.0	0.0	0.0	0.0	0.0	0.0	0.0																																					
gf377c4	HDR20210125074215	2021-01-25 07:42:15	332.5	74.8	0.0	0.0	0.0	0.0	0.0	0.0	0.0	0.0	0.0	0.0	0.0	0.0	0.0	0.0	0.0	0.0	0.0	0.0	95.81550802139037	0.0	8.943850267379679	5.213903743315508	1.5775401069518717	0.8155080213903744	0.3342245989304813	0.2807486631016043	0.14705882352941177	0.08021390374331551	0.026737967914438502	0.026737967914438502	0.013368983957219251	0.0	0.0	0.0	0.0	0.0	0.0	0.0	0.0	0.0	0.0	0.0	0.0	0.0	0.0	0.0	0.0	0.0	0.0	0.0	0.0	0.0	0.0	0.0	0.0	0.0	0.0	0.0	0.0	0.0	0.0	0.0	0.0	0.02032367728523094	0.0	0.005879927300108146	0.008245888466099137	0.00514298573953359	0.004801613895267279	0.003993880637847043	0.0068648398260902485	0.006870337742118679	0.008576953521415189	0.00404597635140975	0.0105848131606387	0.01421311095955898	0.0	0.0	0.0	0.0	0.0	0.0	0.0	0.0	0.0	0.0	0.0	0.0	0.0	0.0																																					
gf377c4	HDR20210125074215	2021-01-25 07:42:15	337.5	130.9	0.0	0.0	0.0	0.0	0.0	0.0	0.0	0.0	0.0	0.0	0.0	0.0	0.0	0.0	0.0	0.0	0.0	0.0	89.53399541634835	0.0	8.747135217723452	4.828113063407181	1.4514896867838043	0.6035141329258976	0.3972498090145149	0.11459129106187929	0.07639419404125286	0.022918258212375857	0.022918258212375857	0.015278838808250572	0.007639419404125286	0.0	0.0	0.0	0.0	0.0	0.0	0.0	0.0	0.0	0.0	0.0	0.0	0.0	0.0	0.0	0.0	0.0	0.0	0.0	0.0	0.0	0.0	0.0	0.0	0.0	0.0	0.0	0.0	0.0	0.0	0.0	0.0	0.01899128926491711	0.0	0.005750601544842046	0.007499153488785104	0.0047461264813330505	0.003605110942614556	0.0045448995400431775	0.0028531350758726867	0.003643747183193732	0.002440832448228731	0.0045912167653440975	0.005681169216012756	0.0046816990495968346	0.0	0.0	0.0	0.0	0.0	0.0	0.0	0.0	0.0	0.0	0.0	0.0	0.0	0.0																																					
gf377c4	HDR20210125074215	2021-01-25 07:42:15	342.5	102.3	0.0	0.0	0.0	0.0	0.0	0.0	0.0	0.0	0.0	0.0	0.0	0.0	0.0	0.0	0.0	0.0	0.0	0.0	85.74780058651027	0.0	8.240469208211143	4.525904203323559	1.4956011730205279	0.6549364613880743	0.5180840664711632	0.20527859237536658	0.07820136852394917	0.02932551319648094	0.019550342130987292	0.0	0.009775171065493646	0.019550342130987292	0.0	0.0	0.0	0.0	0.0	0.0	0.0	0.0	0.0	0.0	0.0	0.0	0.0	0.0	0.0	0.0	0.0	0.0	0.0	0.0	0.0	0.0	0.0	0.0	0.0	0.0	0.0	0.0	0.0	0.0	0.0	0.018188189605481388	0.0	0.005417505706662156	0.007147451428885555	0.004982448124865891	0.004014243639537081	0.006541397072396058	0.005073689353665011	0.0033238995147052957	0.002391390550683444	0.004160502376176509	0.0	0.010209654095024468	0.02332953605379931	0.0	0.0	0.0	0.0	0.0	0.0	0.0	0.0	0.0	0.0	0.0	0.0	0.0																																					
gf377c4	HDR20210125074215	2021-01-25 07:42:15	347.5	184.8	0.0	0.0	0.0	0.0	0.0	0.0	0.0	0.0	0.0	0.0	0.0	0.0	0.0	0.0	0.0	0.0	0.0	0.0	88.8961038961039	0.0	8.647186147186147	5.216450216450216	1.6287878787878787	0.8766233766233765	0.514069264069264	0.26515151515151514	0.12987012987012986	0.04329004329004329	0.0487012987012987	0.010822510822510822	0.005411255411255411	0.0	0.0	0.0	0.0	0.0	0.0	0.0	0.0	0.0	0.0	0.0	0.0	0.0	0.0	0.0	0.0	0.0	0.0	0.0	0.0	0.0	0.0	0.0	0.0	0.0	0.0	0.0	0.0	0.0	0.0	0.0	0.0	0.018855984430990444	0.0	0.005684892342328203	0.008290932543312878	0.005436930639861276	0.005255041029435067	0.006312303639214672	0.006793097192263732	0.0059162021768020484	0.0043032703079937135	0.009066138823395352	0.004316174945072807	0.00413004605630995	0.0	0.0	0.0	0.0	0.0	0.0	0.0	0.0	0.0	0.0	0.0	0.0	0.0	0.0																																					
gf377c4	HDR20210125074215	2021-01-25 07:42:15	352.5	59.4	0.0	0.0	0.0	0.0	0.0	0.0	0.0	0.0	0.0	0.0	0.0	0.0	0.0	0.0	0.0	0.0	0.0	0.0	82.13804713804714	0.0	7.962962962962963	4.191919191919192	1.4646464646464648	0.7912457912457913	0.5387205387205387	0.10101010101010101	0.13468013468013468	0.050505050505050504	0.016835016835016835	0.0	0.0	0.016835016835016835	0.0	0.0	0.0	0.0	0.0	0.0	0.0	0.0	0.0	0.0	0.0	0.0	0.0	0.0	0.0	0.0	0.0	0.0	0.0	0.0	0.0	0.0	0.0	0.0	0.0	0.0	0.0	0.0	0.0	0.0	0.0	0.017422515387593446	0.0	0.0052350656502429945	0.006587976233098415	0.004706204620062103	0.0048945059997928175	0.006523842769596411	0.0023759174127678685	0.006330260136768265	0.005370558673804361	0.0031656708427123172	0.0	0.0	0.028685436733588813	0.0	0.0	0.0	0.0	0.0	0.0	0.0	0.0	0.0	0.0	0.0	0.0	0.0																																					
gf377c4	HDR20210125074215	2021-01-25 07:42:15	357.5	158.4	0.0	0.0	0.0	0.0	0.0	0.0	0.0	0.0	0.0	0.0	0.0	0.0	0.0	0.0	0.0	0.0	0.0	0.0	80.89015151515152	0.0	8.169191919191919	4.633838383838384	1.1994949494949494	0.5871212121212122	0.26515151515151514	0.11994949494949494	0.06944444444444445	0.03156565656565657	0.0	0.0	0.0	0.0	0.0	0.0	0.0	0.0	0.0	0.0	0.0	0.0	0.0	0.0	0.0	0.0	0.0	0.0	0.0	0.0	0.0	0.0	0.0	0.0	0.0	0.0	0.0	0.0	0.0	0.0	0.0	0.0	0.0	0.0	0.0	0.017157820992613867	0.0	0.005370646103129836	0.007268341825427724	0.0038964800035438934	0.003567265213487232	0.003243452603277142	0.0027884279587740237	0.003450755723886407	0.0031964963648875343	0.0	0.0	0.0	0.0	0.0	0.0	0.0	0.0	0.0	0.0	0.0	0.0	0.0	0.0	0.0	0.0	0.0																																					
gf377c4	HDR20210125074215	2021-01-25 07:42:15	362.5	45.1	0.0	0.0	0.0	0.0	0.0	0.0	0.0	0.0	0.0	0.0	0.0	0.0	0.0	0.0	0.0	0.0	0.0	0.0	86.23059866962306	0.0	7.383592017738359	4.390243902439024	1.6186252771618626	0.9312638580931264	0.44345898004434586	0.17738359201773835	0.17738359201773835	0.044345898004434586	0.022172949002217293	0.06651884700665188	0.022172949002217293	0.022172949002217293	0.022172949002217293	0.0	0.0	0.0	0.0	0.0	0.0	0.0	0.0	0.0	0.0	0.0	0.0	0.0	0.0	0.0	0.0	0.0	0.0	0.0	0.0	0.0	0.0	0.0	0.0	0.0	0.0	0.0	0.0	0.0	0.0	0.01829059716598738	0.0	0.00485417163526373	0.006694276780623423	0.005378150483225735	0.005547535979672327	0.005279665922968568	0.003977264305215927	0.008235371471397239	0.0035627212848047957	0.004714022573351546	0.019887038269746676	0.014438361370498223	0.02568777138720568	0.054450538627226285	0.0	0.0	0.0	0.0	0.0	0.0	0.0	0.0	0.0	0.0	0.0	0.0																																					
gf377c4	HDR20210125074215	2021-01-25 07:42:15	367.5	172.7	0.0	0.0	0.0	0.0	0.0	0.0	0.0	0.0	0.0	0.0	0.0	0.0	0.0	0.0	0.0	0.0	0.0	0.0	77.82281412854661	0.0	8.135495078170237	4.30804863925883	1.227562246670527	0.6948465547191662	0.3590040532715692	0.10422698320787493	0.06948465547191662	0.005790387955993052	0.0	0.0	0.0	0.0	0.0	0.0	0.0	0.0	0.0	0.0	0.0	0.0	0.0	0.0	0.0	0.0	0.0	0.0	0.0	0.0	0.0	0.0	0.0	0.0	0.0	0.0	0.0	0.0	0.0	0.0	0.0	0.0	0.0	0.0	0.0	0.016507200060182293	0.0	0.00534849289511232	0.006837541669309297	0.004082809801483464	0.004197170740517719	0.004349383092548442	0.002541454778392896	0.002905199790514399	0.0004257550689808802	0.0	0.0	0.0	0.0	0.0	0.0	0.0	0.0	0.0	0.0	0.0	0.0	0.0	0.0	0.0	0.0	0.0																																					
gf377c4	HDR20210125074215	2021-01-25 07:42:15	372.5	61.6	0.0	0.0	0.0	0.0	0.0	0.0	0.0	0.0	0.0	0.0	0.0	0.0	0.0	0.0	0.0	0.0	0.0	0.0	72.53246753246754	0.0	7.175324675324675	4.951298701298701	1.5097402597402596	0.9253246753246753	0.42207792207792205	0.19480519480519481	0.11363636363636363	0.048701298701298704	0.0	0.016233766233766232	0.0	0.0	0.0	0.0	0.0	0.0	0.0	0.0	0.0	0.0	0.0	0.0	0.0	0.0	0.0	0.0	0.0	0.0	0.0	0.0	0.0	0.0	0.0	0.0	0.0	0.0	0.0	0.0	0.0	0.0	0.0	0.0	0.0	0.015385050846907465	0.0	0.004717251092570212	0.007634970557926027	0.0049887871585387	0.005415472113908831	0.00509938565944157	0.004861116135552358	0.005529632366628758	0.004087088202182739	0.0	0.004757837076390845	0.0	0.0	0.0	0.0	0.0	0.0	0.0	0.0	0.0	0.0	0.0	0.0	0.0	0.0	0.0																																					
gf377c4	HDR20210125074215	2021-01-25 07:42:15	377.5	213.4	0.0	0.0	0.0	0.0	0.0	0.0	0.0	0.0	0.0	0.0	0.0	0.0	0.0	0.0	0.0	0.0	0.0	0.0	60.037488284910964	0.0	7.891283973758201	4.264292408622305	1.274601686972821	0.5810684161199625	0.33270852858481725	0.19212746016869728	0.05154639175257732	0.03748828491096532	0.014058106841611996	0.004686035613870665	0.0	0.004686035613870665	0.0	0.0	0.0	0.0	0.0	0.0	0.0	0.0	0.0	0.0	0.0	0.0	0.0	0.0	0.0	0.0	0.0	0.0	0.0	0.0	0.0	0.0	0.0	0.0	0.0	0.0	0.0	0.0	0.0	0.0	0.0	0.012734708212849673	0.0	0.0051879419582234135	0.006710668541419335	0.00416206733205042	0.0034923556056323532	0.004043383461533781	0.0045499704559085535	0.0022854734515703455	0.0036403034664724606	0.002385559325633935	0.002391572244019138	0.0	0.00661006733642021	0.0	0.0	0.0	0.0	0.0	0.0	0.0	0.0	0.0	0.0	0.0	0.0	0.0																																					
gf377c4	HDR20210125074215	2021-01-25 07:42:15	382.5	59.4	0.0	0.0	0.0	0.0	0.0	0.0	0.0	0.0	0.0	0.0	0.0	0.0	0.0	0.0	0.0	0.0	0.0	0.0	58.821548821548824	0.0	7.491582491582491	4.360269360269361	1.3636363636363638	0.7407407407407408	0.5387205387205387	0.10101010101010101	0.050505050505050504	0.03367003367003367	0.050505050505050504	0.0	0.0	0.0	0.0	0.0	0.0	0.0	0.0	0.0	0.0	0.0	0.0	0.0	0.0	0.0	0.0	0.0	0.0	0.0	0.0	0.0	0.0	0.0	0.0	0.0	0.0	0.0	0.0	0.0	0.0	0.0	0.0	0.0	0.0	0.012476792122207727	0.0	0.004925167472215925	0.006635393747423392	0.004478403255141346	0.004660531587256331	0.007185919635256651	0.002557385419207638	0.0021405337810618584	0.0032173900787752225	0.01044208391381137	0.0	0.0	0.0	0.0	0.0	0.0	0.0	0.0	0.0	0.0	0.0	0.0	0.0	0.0	0.0	0.0																																					
gf377c4	HDR20210125074215	2021-01-25 07:42:15	387.5	79.2	0.0	0.0	0.0	0.0	0.0	0.0	0.0	0.0	0.0	0.0	0.0	0.0	0.0	0.0	0.0	0.0	0.0	0.0	54.053030303030305	0.0	7.209595959595959	4.242424242424242	1.2752525252525253	0.6439393939393939	0.41666666666666663	0.07575757575757576	0.06313131313131314	0.025252525252525252	0.0	0.0	0.0	0.0	0.0	0.0	0.0	0.0	0.0	0.0	0.0	0.0	0.0	0.0	0.0	0.0	0.0	0.0	0.0	0.0	0.0	0.0	0.0	0.0	0.0	0.0	0.0	0.0	0.0	0.0	0.0	0.0	0.0	0.0	0.0	0.011465329223348156	0.0	0.0047397819550033015	0.006610555972972719	0.004279077060835682	0.0037986146483949294	0.004979466221848659	0.0021464634555062637	0.002920618729725445	0.0024924491148576576	0.0	0.0	0.0	0.0	0.0	0.0	0.0	0.0	0.0	0.0	0.0	0.0	0.0	0.0	0.0	0.0	0.0																																					
gf377c4	HDR20210125074215	2021-01-25 07:42:15	392.5	118.8	0.0	0.0	0.0	0.0	0.0	0.0	0.0	0.0	0.0	0.0	0.0	0.0	0.0	0.0	0.0	0.0	0.0	0.0	58.03872053872054	0.0	7.685185185185185	4.671717171717172	1.2626262626262628	0.6986531986531986	0.4377104377104377	0.15993265993265993	0.050505050505050504	0.050505050505050504	0.016835016835016835	0.008417508417508417	0.008417508417508417	0.0	0.0	0.0	0.0	0.0	0.0	0.0	0.0	0.0	0.0	0.0	0.0	0.0	0.0	0.0	0.0	0.0	0.0	0.0	0.0	0.0	0.0	0.0	0.0	0.0	0.0	0.0	0.0	0.0	0.0	0.0	0.0	0.012310744373586473	0.0	0.005052447081048472	0.007302146264671241	0.004233491099626551	0.004155427863438332	0.005406147986470009	0.00396468911973251	0.0021268301117734834	0.004986803550781442	0.003968754636293496	0.00453616963023005	0.005878390816196037	0.0	0.0	0.0	0.0	0.0	0.0	0.0	0.0	0.0	0.0	0.0	0.0	0.0	0.0																																					
gf377c4	HDR20210125074215	2021-01-25 07:42:15	397.5	132.0	0.0	0.0	0.0	0.0	0.0	0.0	0.0	0.0	0.0	0.0	0.0	0.0	0.0	0.0	0.0	0.0	0.0	0.0	61.40909090909091	0.0	7.924242424242424	4.5	1.3863636363636365	0.8787878787878788	0.4696969696969697	0.18181818181818182	0.09090909090909091	0.06818181818181818	0.030303030303030304	0.0	0.0	0.0	0.0	0.0	0.0	0.0	0.0	0.0	0.0	0.0	0.0	0.0	0.0	0.0	0.0	0.0	0.0	0.0	0.0	0.0	0.0	0.0	0.0	0.0	0.0	0.0	0.0	0.0	0.0	0.0	0.0	0.0	0.0	0.01302564242248916	0.0	0.0052096097284764845	0.007069853186822596	0.004628045608164234	0.005394376865566941	0.005917994604678681	0.004305139701798916	0.0044983717758283245	0.007344443674437591	0.00499202585122171	0.0	0.0	0.0	0.0	0.0	0.0	0.0	0.0	0.0	0.0	0.0	0.0	0.0	0.0	0.0	0.0																																					
gf377c4	HDR20210125074215	2021-01-25 07:42:15	402.5	157.3	0.0	0.0	0.0	0.0	0.0	0.0	0.0	0.0	0.0	0.0	0.0	0.0	0.0	0.0	0.0	0.0	0.0	0.0	64.5645263827082	0.0	8.188175460902732	4.70438652256834	1.3922441195168467	0.8010171646535282	0.34965034965034963	0.16528925619834708	0.08264462809917354	0.03814367450731087	0.006357279084551811	0.0	0.0	0.0	0.0	0.0	0.0	0.0	0.0	0.0	0.0	0.0	0.0	0.0	0.0	0.0	0.0	0.0	0.0	0.0	0.0	0.0	0.0	0.0	0.0	0.0	0.0	0.0	0.0	0.0	0.0	0.0	0.0	0.0	0.0	0.013694950069909355	0.0	0.005383126393141541	0.0074551358474161545	0.004606577352171546	0.004735029831116854	0.004155937407691405	0.003926342357741125	0.004376748541104499	0.003993767039519895	0.0011053404204736943	0.0	0.0	0.0	0.0	0.0	0.0	0.0	0.0	0.0	0.0	0.0	0.0	0.0	0.0	0.0	0.0																																					
gf377c4	HDR20210125074215	2021-01-25 07:42:15	407.5	85.8	0.0	0.0	0.0	0.0	0.0	0.0	0.0	0.0	0.0	0.0	0.0	0.0	0.0	0.0	0.0	0.0	0.0	0.0	69.2890442890443	0.0	7.668997668997669	4.755244755244755	1.3170163170163172	0.9207459207459208	0.4545454545454546	0.1864801864801865	0.1048951048951049	0.05827505827505828	0.03496503496503497	0.011655011655011656	0.0	0.0	0.0	0.0	0.0	0.0	0.0	0.0	0.0	0.0	0.0	0.0	0.0	0.0	0.0	0.0	0.0	0.0	0.0	0.0	0.0	0.0	0.0	0.0	0.0	0.0	0.0	0.0	0.0	0.0	0.0	0.0	0.0	0.014697079884169002	0.0	0.005041804973286552	0.007509421894642571	0.004395639812877814	0.005545719110947285	0.005421875703434677	0.004604763332134216	0.004590540034029367	0.0048913848545143355	0.006408123922005847	0.0034824980550651917	0.0	0.0	0.0	0.0	0.0	0.0	0.0	0.0	0.0	0.0	0.0	0.0	0.0	0.0	0.0																																					
gf377c4	HDR20210125074215	2021-01-25 07:42:15	412.5	77.0	0.0	0.0	0.0	0.0	0.0	0.0	0.0	0.0	0.0	0.0	0.0	0.0	0.0	0.0	0.0	0.0	0.0	0.0	82.05194805194805	0.0	8.493506493506494	4.753246753246753	1.5454545454545454	0.6753246753246753	0.36363636363636365	0.1038961038961039	0.07792207792207792	0.012987012987012988	0.0	0.0	0.0	0.0	0.0	0.0	0.0	0.0	0.0	0.0	0.0	0.0	0.0	0.0	0.0	0.0	0.0	0.0	0.0	0.0	0.0	0.0	0.0	0.0	0.0	0.0	0.0	0.0	0.0	0.0	0.0	0.0	0.0	0.0	0.0	0.017404252685901768	0.0	0.005583859211838765	0.007563570777786733	0.005205728657585299	0.00415638503830296	0.004166136390782338	0.002501988407650361	0.0034660427465597362	0.0010881611015122756	0.0	0.0	0.0	0.0	0.0	0.0	0.0	0.0	0.0	0.0	0.0	0.0	0.0	0.0	0.0	0.0	0.0																																					
gf377c4	HDR20210125074215	2021-01-25 07:42:15	417.5	83.6	0.0	0.0	0.0	0.0	0.0	0.0	0.0	0.0	0.0	0.0	0.0	0.0	0.0	0.0	0.0	0.0	0.0	0.0	94.73684210526316	0.0	8.217703349282298	5.299043062200957	1.3157894736842106	0.8014354066985646	0.7177033492822967	0.23923444976076558	0.011961722488038277	0.023923444976076555	0.0	0.0	0.0	0.0	0.0	0.0	0.0	0.0	0.0	0.0	0.0	0.0	0.0	0.0	0.0	0.0	0.0	0.0	0.0	0.0	0.0	0.0	0.0	0.0	0.0	0.0	0.0	0.0	0.0	0.0	0.0	0.0	0.0	0.0	0.0	0.0200948786446909	0.0	0.005402538819759503	0.008523589303866526	0.004308808442510903	0.004934268811107612	0.009141814838471185	0.006150713275499188	0.0007630885833420882	0.002177640220329332	0.0	0.0	0.0	0.0	0.0	0.0	0.0	0.0	0.0	0.0	0.0	0.0	0.0	0.0	0.0	0.0	0.0																																					
gf377c4	HDR20210125074215	2021-01-25 07:42:15	422.5	49.5	0.0	0.0	0.0	0.0	0.0	0.0	0.0	0.0	0.0	0.0	0.0	0.0	0.0	0.0	0.0	0.0	0.0	0.0	91.17171717171718	0.0	9.030303030303031	5.070707070707071	1.7575757575757576	0.9292929292929293	0.5252525252525253	0.12121212121212122	0.10101010101010101	0.020202020202020204	0.020202020202020204	0.020202020202020204	0.0	0.0	0.0	0.0	0.0	0.0	0.0	0.0	0.0	0.0	0.0	0.0	0.0	0.0	0.0	0.0	0.0	0.0	0.0	0.0	0.0	0.0	0.0	0.0	0.0	0.0	0.0	0.0	0.0	0.0	0.0	0.0	0.0	0.019338670697489457	0.0	0.005936763667632857	0.007941629548244518	0.00585277503120298	0.005795786949600314	0.006371958203503704	0.0027169423019626888	0.005095978171507461	0.0018366421158784985	0.003994449983412315	0.005692532146151426	0.0	0.0	0.0	0.0	0.0	0.0	0.0	0.0	0.0	0.0	0.0	0.0	0.0	0.0	0.0																																					
gf377c4	HDR20210125074215	2021-01-25 07:42:15	427.5	114.4	0.0	0.0	0.0	0.0	0.0	0.0	0.0	0.0	0.0	0.0	0.0	0.0	0.0	0.0	0.0	0.0	0.0	0.0	88.9423076923077	0.0	8.277972027972028	5.113636363636363	1.5209790209790208	0.7954545454545454	0.5244755244755245	0.16608391608391607	0.15734265734265734	0.05244755244755245	0.00874125874125874	0.00874125874125874	0.00874125874125874	0.0	0.00874125874125874	0.0	0.0	0.0	0.0	0.0	0.0	0.0	0.0	0.0	0.0	0.0	0.0	0.0	0.0	0.0	0.0	0.0	0.0	0.0	0.0	0.0	0.0	0.0	0.0	0.0	0.0	0.0	0.0	0.0	0.0	0.018865784838698853	0.0	0.005442161067289929	0.008083976837156785	0.005047132571385692	0.004679446656197359	0.0064672965109424715	0.00409605202697651	0.007716537735557921	0.004984724166035407	0.0012456816736736696	0.0032400516209105264	0.009375308862428865	0.0	0.03597506084473854	0.0	0.0	0.0	0.0	0.0	0.0	0.0	0.0	0.0	0.0	0.0	0.0																																					
gf377c4	HDR20210125074215	2021-01-25 07:42:15	432.5	113.3	0.0	0.0	0.0	0.0	0.0	0.0	0.0	0.0	0.0	0.0	0.0	0.0	0.0	0.0	0.0	0.0	0.0	0.0	102.97440423654017	0.0	7.802294792586055	5.207413945278023	1.7387466902030009	0.8296557811120918	0.5030891438658429	0.1853486319505737	0.1323918799646955	0.0529567519858782	0.0264783759929391	0.035304501323918804	0.017652250661959402	0.0	0.017652250661959402	0.0	0.0	0.0	0.0	0.0	0.0	0.0	0.0	0.0	0.0	0.0	0.0	0.0	0.0	0.0	0.0	0.0	0.0	0.0	0.0	0.0	0.0	0.0	0.0	0.0	0.0	0.0	0.0	0.0	0.0	0.02184216943122765	0.0	0.005129438081241396	0.008245646077524328	0.005736352602281191	0.0049739009573175445	0.006199142554651051	0.004483958635075741	0.0066330328231847075	0.005194824610611642	0.004280481475985158	0.012629375320046933	0.014628691195028416	0.0	0.07217375708593095	0.0	0.0	0.0	0.0	0.0	0.0	0.0	0.0	0.0	0.0	0.0	0.0																																					
gf377c4	HDR20210125074215	2021-01-25 07:42:15	437.5	96.8	0.0	0.0	0.0	0.0	0.0	0.0	0.0	0.0	0.0	0.0	0.0	0.0	0.0	0.0	0.0	0.0	0.0	0.0	98.34710743801654	0.0	8.760330578512397	4.834710743801653	1.4979338842975207	0.8677685950413223	0.3512396694214876	0.1962809917355372	0.08264462809917356	0.04132231404958678	0.010330578512396695	0.0	0.0	0.0	0.0	0.0	0.0	0.0	0.0	0.0	0.0	0.0	0.0	0.0	0.0	0.0	0.0	0.0	0.0	0.0	0.0	0.0	0.0	0.0	0.0	0.0	0.0	0.0	0.0	0.0	0.0	0.0	0.0	0.0	0.0	0.020860661439690602	0.0	0.005759276529308264	0.007564161628355966	0.004981160669077706	0.0052469995466771936	0.0041937434521716	0.004731718048724421	0.003930145088142353	0.004685985679628528	0.002042616468790388	0.0	0.0	0.0	0.0	0.0	0.0	0.0	0.0	0.0	0.0	0.0	0.0	0.0	0.0	0.0	0.0																																					
gf377c4	HDR20210125074215	2021-01-25 07:42:15	442.5	111.1	0.0	0.0	0.0	0.0	0.0	0.0	0.0	0.0	0.0	0.0	0.0	0.0	0.0	0.0	0.0	0.0	0.0	0.0	96.2916291629163	0.0	9.117911791179118	4.743474347434744	1.5391539153915392	0.7740774077407742	0.5760576057605761	0.126012601260126	0.09000900090009001	0.027002700270027005	0.009000900090009001	0.0	0.009000900090009001	0.0	0.0	0.0	0.0	0.0	0.0	0.0	0.0	0.0	0.0	0.0	0.0	0.0	0.0	0.0	0.0	0.0	0.0	0.0	0.0	0.0	0.0	0.0	0.0	0.0	0.0	0.0	0.0	0.0	0.0	0.0	0.0	0.020424668582244034	0.0	0.005994360019249205	0.00756270315392093	0.005172743379599642	0.004613963997351611	0.00664101323057875	0.003369870391086277	0.004478792586018666	0.002076767843572342	0.0018685596665368603	0.0	0.00865822361078539	0.0	0.0	0.0	0.0	0.0	0.0	0.0	0.0	0.0	0.0	0.0	0.0	0.0	0.0																																					
gf377c4	HDR20210125074215	2021-01-25 07:42:15	447.5	90.2	0.0	0.0	0.0	0.0	0.0	0.0	0.0	0.0	0.0	0.0	0.0	0.0	0.0	0.0	0.0	0.0	0.0	0.0	96.17516629711751	0.0	8.02660753880266	5.532150776053215	1.3636363636363635	0.8203991130820398	0.4878048780487805	0.19955654101995565	0.06651884700665188	0.044345898004434586	0.011086474501108647	0.0	0.0	0.0	0.0	0.0	0.0	0.0	0.0	0.0	0.0	0.0	0.0	0.0	0.0	0.0	0.0	0.0	0.0	0.0	0.0	0.0	0.0	0.0	0.0	0.0	0.0	0.0	0.0	0.0	0.0	0.0	0.0	0.0	0.0	0.020399965340054064	0.0	0.0052769073031996095	0.008648651797758774	0.004607777525486511	0.0051067318526382645	0.005643253032535093	0.004902832652958907	0.0029059785919323794	0.005177425878061203	0.0017753109491927	0.0	0.0	0.0	0.0	0.0	0.0	0.0	0.0	0.0	0.0	0.0	0.0	0.0	0.0	0.0	0.0																																					
gf377c4	HDR20210125074215	2021-01-25 07:42:15	452.5	130.9	0.0	0.0	0.0	0.0	0.0	0.0	0.0	0.0	0.0	0.0	0.0	0.0	0.0	0.0	0.0	0.0	0.0	0.0	91.82582123758594	0.0	8.365164247517189	5.080213903743315	1.3903743315508021	0.8632543926661573	0.5042016806722689	0.13750954927425516	0.07639419404125286	0.045836516424751714	0.03819709702062643	0.022918258212375857	0.015278838808250572	0.007639419404125286	0.0	0.0	0.0	0.0	0.0	0.0	0.0	0.0	0.0	0.0	0.0	0.0	0.0	0.0	0.0	0.0	0.0	0.0	0.0	0.0	0.0	0.0	0.0	0.0	0.0	0.0	0.0	0.0	0.0	0.0	0.0	0.01947741441674946	0.0	0.005499483573451564	0.008018677826089898	0.004597944336819896	0.005399666076361105	0.005941671130599609	0.0035309687875791254	0.0036883332522396617	0.004840909534848538	0.007248878726134702	0.009561238984102318	0.015958929715753023	0.01496175566100574	0.0	0.0	0.0	0.0	0.0	0.0	0.0	0.0	0.0	0.0	0.0	0.0	0.0																																					
gf377c4	HDR20210125074215	2021-01-25 07:42:15	457.5	112.2	0.0	0.0	0.0	0.0	0.0	0.0	0.0	0.0	0.0	0.0	0.0	0.0	0.0	0.0	0.0	0.0	0.0	0.0	73.01247771836007	0.0	8.404634581105169	4.714795008912656	1.5864527629233511	0.7932263814616756	0.38324420677361853	0.15151515151515152	0.053475935828877004	0.035650623885918005	0.017825311942959002	0.017825311942959002	0.008912655971479501	0.026737967914438502	0.017825311942959002	0.0	0.0	0.0	0.0	0.0	0.0	0.0	0.0	0.0	0.0	0.0	0.0	0.0	0.0	0.0	0.0	0.0	0.0	0.0	0.0	0.0	0.0	0.0	0.0	0.0	0.0	0.0	0.0	0.0	0.0	0.015486867059263462	0.0	0.005525432430495247	0.007416007717713209	0.0052687701548133035	0.004732017802065253	0.004764093403703187	0.003908724916667276	0.0027462104563119277	0.003540695112259016	0.003403252014977835	0.008339370713299772	0.009559138447966686	0.040312216685571486	0.044265838365783544	0.0	0.0	0.0	0.0	0.0	0.0	0.0	0.0	0.0	0.0	0.0	0.0																																					
gf377c4	HDR20210125074215	2021-01-25 07:42:15	462.5	158.4	0.0	0.0	0.0	0.0	0.0	0.0	0.0	0.0	0.0	0.0	0.0	0.0	0.0	0.0	0.0	0.0	0.0	0.0	67.00126262626263	0.0	8.453282828282829	5.183080808080808	1.2752525252525253	0.7386363636363636	0.3409090909090909	0.15151515151515152	0.04419191919191919	0.056818181818181816	0.01893939393939394	0.006313131313131313	0.0	0.006313131313131313	0.0	0.0	0.0	0.0	0.0	0.0	0.0	0.0	0.0	0.0	0.0	0.0	0.0	0.0	0.0	0.0	0.0	0.0	0.0	0.0	0.0	0.0	0.0	0.0	0.0	0.0	0.0	0.0	0.0	0.0	0.0	0.014211812549333564	0.0	0.005557415094351508	0.008189886843953673	0.004240577781999096	0.0042555029901299585	0.0037210736925775457	0.00400981592694002	0.002055111105399995	0.005361377148841862	0.0034222635405207853	0.002261810574713155	0.0	0.01327700199346032	0.0	0.0	0.0	0.0	0.0	0.0	0.0	0.0	0.0	0.0	0.0	0.0	0.0																																					
gf377c4	HDR20210125074215	2021-01-25 07:42:15	467.5	156.2	0.0	0.0	0.0	0.0	0.0	0.0	0.0	0.0	0.0	0.0	0.0	0.0	0.0	0.0	0.0	0.0	0.0	0.0	52.650448143405896	0.0	7.912932138284251	4.359795134443022	1.5685019206145967	0.8578745198463509	0.4865556978233035	0.14084507042253522	0.10243277848911653	0.0384122919334187	0.0	0.006402048655569783	0.0	0.0	0.006402048655569783	0.0	0.0	0.0	0.0	0.0	0.0	0.0	0.0	0.0	0.0	0.0	0.0	0.0	0.0	0.0	0.0	0.0	0.0	0.0	0.0	0.0	0.0	0.0	0.0	0.0	0.0	0.0	0.0	0.0	0.0	0.011167823863653514	0.0	0.00520217404281658	0.006874833876036372	0.005205278683471443	0.005118193035748549	0.005957926842211538	0.0033860147479685223	0.004983304076263264	0.0038158691511258865	0.0	0.0023332007448925714	0.0	0.0	0.014818573447870128	0.0	0.0	0.0	0.0	0.0	0.0	0.0	0.0	0.0	0.0	0.0	0.0																																					
gf377c4	HDR20210125074215	2021-01-25 07:42:15	472.5	107.8	0.0	0.0	0.0	0.0	0.0	0.0	0.0	0.0	0.0	0.0	0.0	0.0	0.0	0.0	0.0	0.0	0.0	0.0	48.49721706864564	0.0	7.0686456400742115	4.332096474953618	1.4192949907235621	0.6493506493506493	0.38961038961038963	0.10204081632653061	0.12987012987012989	0.03710575139146568	0.055658627087198514	0.01855287569573284	0.01855287569573284	0.0	0.0	0.0	0.0	0.0	0.0	0.0	0.0	0.0	0.0	0.0	0.0	0.0	0.0	0.0	0.0	0.0	0.0	0.0	0.0	0.0	0.0	0.0	0.0	0.0	0.0	0.0	0.0	0.0	0.0	0.0	0.0	0.010286871189107588	0.0	0.0046471174305604416	0.006844229274246758	0.004709384798248692	0.0039831680286716836	0.005001742642991273	0.0024177969970474037	0.005964387318529473	0.0039578185744464384	0.011433251872045021	0.0060871231052318855	0.01608003135135628	0.0	0.0	0.0	0.0	0.0	0.0	0.0	0.0	0.0	0.0	0.0	0.0	0.0	0.0																																					
gf377c4	HDR20210125074215	2021-01-25 07:42:15	477.5	152.9	0.0	0.0	0.0	0.0	0.0	0.0	0.0	0.0	0.0	0.0	0.0	0.0	0.0	0.0	0.0	0.0	0.0	0.0	46.96533682145193	0.0	7.835186396337475	4.34924787442773	1.4388489208633093	0.7717462393721386	0.4643557880967953	0.13734466971877043	0.06540222367560497	0.01962066710268149	0.0	0.006540222367560497	0.0	0.006540222367560497	0.0	0.0	0.0	0.0	0.0	0.0	0.0	0.0	0.0	0.0	0.0	0.0	0.0	0.0	0.0	0.0	0.0	0.0	0.0	0.0	0.0	0.0	0.0	0.0	0.0	0.0	0.0	0.0	0.0	0.0	0.0	0.009961940074860043	0.0	0.005151061904657546	0.006814978501788334	0.004838090319504604	0.0047322039266237525	0.005672419623008614	0.00356091015950634	0.003124794944317359	0.0019183730038950396	0.0	0.0019168264480423547	0.0	0.008418570649250109	0.0	0.0	0.0	0.0	0.0	0.0	0.0	0.0	0.0	0.0	0.0	0.0	0.0																																					
gf377c4	HDR20210125074215	2021-01-25 07:42:15	482.5	111.1	0.0	0.0	0.0	0.0	0.0	0.0	0.0	0.0	0.0	0.0	0.0	0.0	0.0	0.0	0.0	0.0	0.0	0.0	48.964896489648964	0.0	7.866786678667867	4.41044104410441	1.5121512151215122	0.5670567056705671	0.46804680468046805	0.16201620162016203	0.09000900090009001	0.036003600360036005	0.0	0.009000900090009001	0.0	0.0	0.0	0.0	0.0	0.0	0.0	0.0	0.0	0.0	0.0	0.0	0.0	0.0	0.0	0.0	0.0	0.0	0.0	0.0	0.0	0.0	0.0	0.0	0.0	0.0	0.0	0.0	0.0	0.0	0.0	0.0	0.0	0.010386071890765335	0.0	0.005171836778700696	0.007042154113271099	0.004956324145756202	0.0034744025104041405	0.005556771592566688	0.004182026020629387	0.004579344534099084	0.004095605695048019	0.0	0.0026894539435156923	0.0	0.0	0.0	0.0	0.0	0.0	0.0	0.0	0.0	0.0	0.0	0.0	0.0	0.0	0.0																																					
gf377c4	HDR20210125074215	2021-01-25 07:42:15	487.5	110.0	0.0	0.0	0.0	0.0	0.0	0.0	0.0	0.0	0.0	0.0	0.0	0.0	0.0	0.0	0.0	0.0	0.0	0.0	56.345454545454544	0.0	7.890909090909091	4.372727272727273	1.3363636363636364	0.7454545454545455	0.2727272727272727	0.16363636363636364	0.07272727272727272	0.01818181818181818	0.0	0.00909090909090909	0.0	0.00909090909090909	0.0	0.0	0.0	0.0	0.0	0.0	0.0	0.0	0.0	0.0	0.0	0.0	0.0	0.0	0.0	0.0	0.0	0.0	0.0	0.0	0.0	0.0	0.0	0.0	0.0	0.0	0.0	0.0	0.0	0.0	0.0	0.01195158130785904	0.0	0.005187695500173142	0.006855630852400641	0.004381306442177142	0.004462323566523049	0.003178635622114587	0.0038188254723587616	0.003715039906532451	0.0020777633631030167	0.0	0.002981930889758081	0.0	0.01216436131163055	0.0	0.0	0.0	0.0	0.0	0.0	0.0	0.0	0.0	0.0	0.0	0.0	0.0																																					
gf377c4	HDR20210125074215	2021-01-25 07:42:15	492.5	128.7	0.0	0.0	0.0	0.0	0.0	0.0	0.0	0.0	0.0	0.0	0.0	0.0	0.0	0.0	0.0	0.0	0.0	0.0	65.35353535353536	0.0	8.67909867909868	5.291375291375292	1.491841491841492	0.9790209790209791	0.43512043512043513	0.19425019425019427	0.031080031080031083	0.031080031080031083	0.007770007770007771	0.007770007770007771	0.0	0.0	0.0	0.0	0.0	0.0	0.0	0.0	0.0	0.0	0.0	0.0	0.0	0.0	0.0	0.0	0.0	0.0	0.0	0.0	0.0	0.0	0.0	0.0	0.0	0.0	0.0	0.0	0.0	0.0	0.0	0.0	0.0	0.013862308820380767	0.0	0.005705872497630273	0.008308222398833272	0.004928113945423278	0.005928113618384567	0.004954254884942598	0.00472457527711376	0.0016279524213185384	0.0030024579897655564	0.0019757900781899288	0.0024114782932230395	0.0	0.0	0.0	0.0	0.0	0.0	0.0	0.0	0.0	0.0	0.0	0.0	0.0	0.0	0.0																																					
gf377c4	HDR20210125074215	2021-01-25 07:42:15	497.5	130.9	0.0	0.0	0.0	0.0	0.0	0.0	0.0	0.0	0.0	0.0	0.0	0.0	0.0	0.0	0.0	0.0	0.0	0.0	71.40565317035905	0.0	8.556149732620321	5.271199388846448	1.6730328495034377	0.7944996180290298	0.35905271199388844	0.06111535523300229	0.03819709702062643	0.030557677616501144	0.022918258212375857	0.022918258212375857	0.0	0.007639419404125286	0.007639419404125286	0.0	0.0	0.0	0.0	0.0	0.0	0.0	0.0	0.0	0.0	0.0	0.0	0.0	0.0	0.0	0.0	0.0	0.0	0.0	0.0	0.0	0.0	0.0	0.0	0.0	0.0	0.0	0.0	0.0	0.0	0.015146039313923226	0.0	0.005625042559146806	0.008378675932001662	0.005644338815543058	0.004799392023953468	0.004189153176537226	0.0015470559787137104	0.002074749013023773	0.0030135615131359587	0.00557764869343062	0.007983554676501352	0.0	0.015973082847914315	0.01996379262523182	0.0	0.0	0.0	0.0	0.0	0.0	0.0	0.0	0.0	0.0	0.0	0.0																																					
gf377c4	HDR20210125074215	2021-01-25 07:42:15	502.5	205.7	0.0	0.0	0.0	0.0	0.0	0.0	0.0	0.0	0.0	0.0	0.0	0.0	0.0	0.0	0.0	0.0	0.0	0.0	86.99562469615947	0.0	9.246475449684006	5.43509965969859	1.6626154594069034	0.8264462809917356	0.3937773456490034	0.15070491006319883	0.0583373845405931	0.02430724355858046	0.004861448711716091	0.009722897423432183	0.004861448711716091	0.0	0.0	0.0	0.0	0.0	0.0	0.0	0.0	0.0	0.0	0.0	0.0	0.0	0.0	0.0	0.0	0.0	0.0	0.0	0.0	0.0	0.0	0.0	0.0	0.0	0.0	0.0	0.0	0.0	0.0	0.0	0.0	0.01845286883159977	0.0	0.0060788812201688774	0.00857690871238765	0.005562963899565441	0.005077913198267319	0.00458507252647218	0.003703737487502079	0.0025928396706554908	0.002383423418737931	0.0008005024674857185	0.003979605799575491	0.0027614483306425586	0.0	0.0	0.0	0.0	0.0	0.0	0.0	0.0	0.0	0.0	0.0	0.0	0.0	0.0																																					
